Start_Date,Start_Time,End_Date,End_Time,Title,Description,Location,Location_URL,Location_Details,All_Day_Event,Event_Type,Tags,Team1_ID,Team1_Division_ID,Team1_Is_Home,Team2_ID,Team2_Division_ID,Team2_Name,Custom_Opponent,Event_ID,Game_ID,Affects_Standings,Points_Win,Points_Loss,Points_Tie,Points_OT_Win,Points_OT_Loss,Division_Override
9/17/22,9:00,9/17/22,10:30,Training/Game,,Softball Outfield,,Caven Point,0,Game,,MCHKN2,,1,MCHKN9,,,,,,,,,,,,
9/17/22,9:00,9/17/22,10:30,Training/Game,,Softball Outfield,,Caven Point,0,Game,,MCHKN11,,1,MCHKN7,,,,,,,,,,,,
9/17/22,9:00,9/17/22,10:30,Training/Game,,Softball Outfield,,Caven Point,0,Game,,MCHKN4,,1,MCHKN8,,,,,,,,,,,,
9/17/22,9:00,9/17/22,10:30,Training/Game,,Softball Outfield,,Caven Point,0,Game,,MCHKN12,,1,MCHKN3,,,,,,,,,,,,
9/17/22,9:00,9/17/22,10:30,Training/Game,,Baseball Outfield,,Caven Point,0,Game,,MCHKN6,,1,MCHKN5,,,,,,,,,,,,
9/17/22,9:00,9/17/22,10:30,Training/Game,,Baseball Outfield,,Caven Point,0,Game,,MCHKN10,,1,MCHKN1,,,,,,,,,,,,
9/24/22,9:00,9/24/22,10:30,Training/Game,,Softball Outfield,,Caven Point,0,Game,,MCHKN3,,1,MCHKN1,,,,,,,,,,,,
9/24/22,9:00,9/24/22,10:30,Training/Game,,Softball Outfield,,Caven Point,0,Game,,MCHKN5,,1,MCHKN7,,,,,,,,,,,,
9/24/22,9:00,9/24/22,10:30,Training/Game,,Softball Outfield,,Caven Point,0,Game,,MCHKN8,,1,MCHKN10,,,,,,,,,,,,
9/24/22,9:00,9/24/22,10:30,Training/Game,,Softball Outfield,,Caven Point,0,Game,,MCHKN9,,1,MCHKN12,,,,,,,,,,,,
9/24/22,9:00,9/24/22,10:30,Training/Game,,Baseball Outfield,,Caven Point,0,Game,,MCHKN11,,1,MCHKN4,,,,,,,,,,,,
9/24/22,9:00,9/24/22,10:30,Training/Game,,Baseball Outfield,,Caven Point,0,Game,,MCHKN2,,1,MCHKN6,,,,,,,,,,,,
10/1/22,9:00,10/1/22,10:30,Training/Game,,Softball Outfield,,Caven Point,0,Game,,MCHKN10,,1,MCHKN3,,,,,,,,,,,,
10/1/22,9:00,10/1/22,10:30,Training/Game,,Softball Outfield,,Caven Point,0,Game,,MCHKN4,,1,MCHKN5,,,,,,,,,,,,
10/1/22,9:00,10/1/22,10:30,Training/Game,,Softball Outfield,,Caven Point,0,Game,,MCHKN7,,1,MCHKN2,,,,,,,,,,,,
10/1/22,9:00,10/1/22,10:30,Training/Game,,Softball Outfield,,Caven Point,0,Game,,MCHKN1,,1,MCHKN9,,,,,,,,,,,,
10/1/22,9:00,10/1/22,10:30,Training/Game,,Baseball Outfield,,Caven Point,0,Game,,MCHKN12,,1,MCHKN6,,,,,,,,,,,,
10/1/22,9:00,10/1/22,10:30,Training/Game,,Baseball Outfield,,Caven Point,0,Game,,MCHKN8,,1,MCHKN11,,,,,,,,,,,,
10/8/22,9:00,10/8/22,10:30,Training/Game,,Softball Outfield,,Caven Point,0,Game,,MCHKN12,,1,MCHKN7,,,,,,,,,,,,
10/8/22,9:00,10/8/22,10:30,Training/Game,,Softball Outfield,,Caven Point,0,Game,,MCHKN5,,1,MCHKN8,,,,,,,,,,,,
10/8/22,9:00,10/8/22,10:30,Training/Game,,Softball Outfield,,Caven Point,0,Game,,MCHKN2,,1,MCHKN4,,,,,,,,,,,,
10/8/22,9:00,10/8/22,10:30,Training/Game,,Softball Outfield,,Caven Point,0,Game,,MCHKN9,,1,MCHKN3,,,,,,,,,,,,
10/8/22,9:00,10/8/22,10:30,Training/Game,,Baseball Outfield,,Caven Point,0,Game,,MCHKN11,,1,MCHKN10,,,,,,,,,,,,
10/8/22,9:00,10/8/22,10:30,Training/Game,,Baseball Outfield,,Caven Point,0,Game,,MCHKN1,,1,MCHKN6,,,,,,,,,,,,
10/15/22,9:00,10/15/22,10:30,Training/Game,,Softball Outfield,,Caven Point,0,Game,,MCHKN6,,1,MCHKN3,,,,,,,,,,,,
10/15/22,9:00,10/15/22,10:30,Training/Game,,Softball Outfield,,Caven Point,0,Game,,MCHKN4,,1,MCHKN12,,,,,,,,,,,,
10/15/22,9:00,10/15/22,10:30,Training/Game,,Softball Outfield,,Caven Point,0,Game,,MCHKN10,,1,MCHKN9,,,,,,,,,,,,
10/15/22,9:00,10/15/22,10:30,Training/Game,,Softball Outfield,,Caven Point,0,Game,,MCHKN11,,1,MCHKN5,,,,,,,,,,,,
10/15/22,9:00,10/15/22,10:30,Training/Game,,Baseball Outfield,,Caven Point,0,Game,,MCHKN7,,1,MCHKN1,,,,,,,,,,,,
10/15/22,9:00,10/15/22,10:30,Training/Game,,Baseball Outfield,,Caven Point,0,Game,,MCHKN8,,1,MCHKN2,,,,,,,,,,,,
10/22/22,9:00,10/22/22,10:30,Training/Game,,Softball Outfield,,Caven Point,0,Game,,MCHKN3,,1,MCHKN7,,,,,,,,,,,,
10/22/22,9:00,10/22/22,10:30,Training/Game,,Softball Outfield,,Caven Point,0,Game,,MCHKN1,,1,MCHKN4,,,,,,,,,,,,
10/22/22,9:00,10/22/22,10:30,Training/Game,,Softball Outfield,,Caven Point,0,Game,,MCHKN2,,1,MCHKN11,,,,,,,,,,,,
10/22/22,9:00,10/22/22,10:30,Training/Game,,Softball Outfield,,Caven Point,0,Game,,MCHKN9,,1,MCHKN6,,,,,,,,,,,,
10/22/22,9:00,10/22/22,10:30,Training/Game,,Baseball Outfield,,Caven Point,0,Game,,MCHKN5,,1,MCHKN10,,,,,,,,,,,,
10/22/22,9:00,10/22/22,10:30,Training/Game,,Baseball Outfield,,Caven Point,0,Game,,MCHKN12,,1,MCHKN8,,,,,,,,,,,,
10/29/22,9:00,10/29/22,10:30,Training/Game,,Softball Outfield,,Caven Point,0,Game,,MCHKN6,,1,MCHKN10,,,,,,,,,,,,
10/29/22,9:00,10/29/22,10:30,Training/Game,,Softball Outfield,,Caven Point,0,Game,,MCHKN7,,1,MCHKN9,,,,,,,,,,,,
10/29/22,9:00,10/29/22,10:30,Training/Game,,Softball Outfield,,Caven Point,0,Game,,MCHKN8,,1,MCHKN1,,,,,,,,,,,,
10/29/22,9:00,10/29/22,10:30,Training/Game,,Softball Outfield,,Caven Point,0,Game,,MCHKN4,,1,MCHKN3,,,,,,,,,,,,
10/29/22,9:00,10/29/22,10:30,Training/Game,,Baseball Outfield,,Caven Point,0,Game,,MCHKN5,,1,MCHKN2,,,,,,,,,,,,
10/29/22,9:00,10/29/22,10:30,Training/Game,,Baseball Outfield,,Caven Point,0,Game,,MCHKN11,,1,MCHKN12,,,,,,,,,,,,
11/5/22,9:00,11/5/22,10:30,Training/Game,,Softball Outfield,,Caven Point,0,Game,,MCHKN12,,1,MCHKN5,,,,,,,,,,,,
11/5/22,9:00,11/5/22,10:30,Training/Game,,Softball Outfield,,Caven Point,0,Game,,MCHKN9,,1,MCHKN4,,,,,,,,,,,,
11/5/22,9:00,11/5/22,10:30,Training/Game,,Softball Outfield,,Caven Point,0,Game,,MCHKN3,,1,MCHKN8,,,,,,,,,,,,
11/5/22,9:00,11/5/22,10:30,Training/Game,,Softball Outfield,,Caven Point,0,Game,,MCHKN10,,1,MCHKN2,,,,,,,,,,,,
11/5/22,9:00,11/5/22,10:30,Training/Game,,Baseball Outfield,,Caven Point,0,Game,,MCHKN1,,1,MCHKN11,,,,,,,,,,,,
11/5/22,9:00,11/5/22,10:30,Training/Game,,Baseball Outfield,,Caven Point,0,Game,,MCHKN6,,1,MCHKN7,,,,,,,,,,,,
11/12/22,9:00,11/12/22,10:30,Training/Game,,Softball Outfield,,Caven Point,0,Game,,MCHKN4,,1,MCHKN6,,,,,,,,,,,,
11/12/22,9:00,11/12/22,10:30,Training/Game,,Softball Outfield,,Caven Point,0,Game,,MCHKN2,,1,MCHKN12,,,,,,,,,,,,
11/12/22,9:00,11/12/22,10:30,Training/Game,,Softball Outfield,,Caven Point,0,Game,,MCHKN8,,1,MCHKN9,,,,,,,,,,,,
11/12/22,9:00,11/12/22,10:30,Training/Game,,Softball Outfield,,Caven Point,0,Game,,MCHKN5,,1,MCHKN1,,,,,,,,,,,,
11/12/22,9:00,11/12/22,10:30,Training/Game,,Baseball Outfield,,Caven Point,0,Game,,MCHKN3,,1,MCHKN11,,,,,,,,,,,,
11/12/22,9:00,11/12/22,10:30,Training/Game,,Baseball Outfield,,Caven Point,0,Game,,MCHKN7,,1,MCHKN10,,,,,,,,,,,,
11/19/22,9:00,11/19/22,10:30,Training/Game,,Softball Outfield,,Caven Point,0,Game,,MCHKN7,,1,MCHKN4,,,,,,,,,,,,
11/19/22,9:00,11/19/22,10:30,Training/Game,,Softball Outfield,,Caven Point,0,Game,,MCHKN3,,1,MCHKN5,,,,,,,,,,,,
11/19/22,9:00,11/19/22,10:30,Training/Game,,Softball Outfield,,Caven Point,0,Game,,MCHKN10,,1,MCHKN12,,,,,,,,,,,,
11/19/22,9:00,11/19/22,10:30,Training/Game,,Softball Outfield,,Caven Point,0,Game,,MCHKN1,,1,MCHKN2,,,,,,,,,,,,
11/19/22,9:00,11/19/22,10:30,Training/Game,,Baseball Outfield,,Caven Point,0,Game,,MCHKN6,,1,MCHKN8,,,,,,,,,,,,
11/19/22,9:00,11/19/22,10:30,Training/Game,,Baseball Outfield,,Caven Point,0,Game,,MCHKN9,,1,MCHKN11,,,,,,,,,,,,
9/17/22,8:30,9/17/22,9:30,Game,,Front - Caven Point,,Caven Point,0,Game,,JCSS15,,1,JCSS16,,,,,,,,,,,,
9/17/22,8:30,9/17/22,9:30,Game,,Rear- Caven Point,,Caven Point,0,Game,,JCSS20,,1,JCSS21,,,,,,,,,,,,
9/17/22,9:30,9/17/22,10:30,Game,,Front - Caven Point,,Caven Point,0,Game,,JCSS18,,1,JCSS19,,,,,,,,,,,,
9/17/22,9:30,9/17/22,10:30,Game,,Rear- Caven Point,,Caven Point,0,Game,,JCSS17,,1,JCSS13,,,,,,,,,,,,
9/17/22,10:30,9/17/22,11:30,Game,,Front - Caven Point,,Caven Point,0,Game,,JCSS14,,1,JCSS22,,,,,,,,,,,,
9/24/22,8:30,9/24/22,9:30,Game,,Front - Caven Point,,Caven Point,0,Game,,JCSS16,,1,JCSS20,,,,,,,,,,,,
9/24/22,8:30,9/24/22,9:30,Game,,Rear- Caven Point,,Caven Point,0,Game,,JCSS15,,1,JCSS17,,,,,,,,,,,,
9/24/22,9:30,9/24/22,10:30,Game,,Front - Caven Point,,Caven Point,0,Game,,JCSS21,,1,JCSS14,,,,,,,,,,,,
9/24/22,9:30,9/24/22,10:30,Game,,Rear- Caven Point,,Caven Point,0,Game,,JCSS19,,1,JCSS22,,,,,,,,,,,,
9/24/22,10:30,9/24/22,11:30,Game,,Front - Caven Point,,Caven Point,0,Game,,JCSS13,,1,JCSS18,,,,,,,,,,,,
10/1/22,8:30,10/1/22,9:30,Game,,Front - Caven Point,,Caven Point,0,Game,,JCSS21,,1,JCSS16,,,,,,,,,,,,
10/1/22,8:30,10/1/22,9:30,Game,,Rear- Caven Point,,Caven Point,0,Game,,JCSS18,,1,JCSS15,,,,,,,,,,,,
10/1/22,9:30,10/1/22,10:30,Game,,Front - Caven Point,,Caven Point,0,Game,,JCSS20,,1,JCSS17,,,,,,,,,,,,
10/1/22,9:30,10/1/22,10:30,Game,,Rear- Caven Point,,Caven Point,0,Game,,JCSS14,,1,JCSS19,,,,,,,,,,,,
10/1/22,10:30,10/1/22,11:30,Game,,Front - Caven Point,,Caven Point,0,Game,,JCSS22,,1,JCSS13,,,,,,,,,,,,
10/8/22,8:30,10/8/22,9:30,Game,,Front - Caven Point,,Caven Point,0,Game,,JCSS20,,1,JCSS18,,,,,,,,,,,,
10/8/22,8:30,10/8/22,9:30,Game,,Rear- Caven Point,,Caven Point,0,Game,,JCSS13,,1,JCSS19,,,,,,,,,,,,
10/8/22,9:30,10/8/22,10:30,Game,,Front - Caven Point,,Caven Point,0,Game,,JCSS17,,1,JCSS21,,,,,,,,,,,,
10/8/22,9:30,10/8/22,10:30,Game,,Rear- Caven Point,,Caven Point,0,Game,,JCSS15,,1,JCSS22,,,,,,,,,,,,
10/8/22,10:30,10/8/22,11:30,Game,,Front - Caven Point,,Caven Point,0,Game,,JCSS16,,1,JCSS14,,,,,,,,,,,,
10/15/22,8:30,10/15/22,9:30,Game,,Front - Caven Point,,Caven Point,0,Game,,JCSS19,,1,JCSS15,,,,,,,,,,,,
10/15/22,8:30,10/15/22,9:30,Game,,Rear- Caven Point,,Caven Point,0,Game,,JCSS22,,1,JCSS20,,,,,,,,,,,,
10/15/22,9:30,10/15/22,10:30,Game,,Front - Caven Point,,Caven Point,0,Game,,JCSS17,,1,JCSS16,,,,,,,,,,,,
10/15/22,9:30,10/15/22,10:30,Game,,Rear- Caven Point,,Caven Point,0,Game,,JCSS18,,1,JCSS21,,,,,,,,,,,,
10/15/22,10:30,10/15/22,11:30,Game,,Front - Caven Point,,Caven Point,0,Game,,JCSS14,,1,JCSS13,,,,,,,,,,,,
10/22/22,8:30,10/22/22,9:30,Game,,Front - Caven Point,,Caven Point,0,Game,,JCSS20,,1,JCSS19,,,,,,,,,,,,
10/22/22,8:30,10/22/22,9:30,Game,,Rear- Caven Point,,Caven Point,0,Game,,JCSS16,,1,JCSS18,,,,,,,,,,,,
10/22/22,9:30,10/22/22,10:30,Game,,Front - Caven Point,,Caven Point,0,Game,,JCSS17,,1,JCSS14,,,,,,,,,,,,
10/22/22,9:30,10/22/22,10:30,Game,,Rear- Caven Point,,Caven Point,0,Game,,JCSS15,,1,JCSS13,,,,,,,,,,,,
10/22/22,10:30,10/22/22,11:30,Game,,Front - Caven Point,,Caven Point,0,Game,,JCSS21,,1,JCSS22,,,,,,,,,,,,
10/29/22,8:30,10/29/22,9:30,Game,,Front - Caven Point,,Caven Point,0,Game,,JCSS19,,1,JCSS21,,,,,,,,,,,,
10/29/22,8:30,10/29/22,9:30,Game,,Rear- Caven Point,,Caven Point,0,Game,,JCSS22,,1,JCSS16,,,,,,,,,,,,
10/29/22,9:30,10/29/22,10:30,Game,,Front - Caven Point,,Caven Point,0,Game,,JCSS13,,1,JCSS20,,,,,,,,,,,,
10/29/22,9:30,10/29/22,10:30,Game,,Rear- Caven Point,,Caven Point,0,Game,,JCSS14,,1,JCSS15,,,,,,,,,,,,
10/29/22,10:30,10/29/22,11:30,Game,,Front - Caven Point,,Caven Point,0,Game,,JCSS18,,1,JCSS17,,,,,,,,,,,,
11/5/22,8:30,11/5/22,9:30,Game,,Front - Caven Point,,Caven Point,0,Game,,JCSS20,,1,JCSS15,,,,,,,,,,,,
11/5/22,8:30,11/5/22,9:30,Game,,Rear- Caven Point,,Caven Point,0,Game,,JCSS17,,1,JCSS22,,,,,,,,,,,,
11/5/22,9:30,11/5/22,10:30,Game,,Front - Caven Point,,Caven Point,0,Game,,JCSS21,,1,JCSS13,,,,,,,,,,,,
11/5/22,9:30,11/5/22,10:30,Game,,Rear- Caven Point,,Caven Point,0,Game,,JCSS18,,1,JCSS14,,,,,,,,,,,,
11/5/22,10:30,11/5/22,11:30,Game,,Front - Caven Point,,Caven Point,0,Game,,JCSS16,,1,JCSS19,,,,,,,,,,,,
11/12/22,8:30,11/12/22,9:30,Game,,Front - Caven Point,,Caven Point,0,Game,,JCSS15,,1,JCSS21,,,,,,,,,,,,
11/12/22,8:30,11/12/22,9:30,Game,,Rear- Caven Point,,Caven Point,0,Game,,JCSS19,,1,JCSS17,,,,,,,,,,,,
11/12/22,9:30,11/12/22,10:30,Game,,Front - Caven Point,,Caven Point,0,Game,,JCSS14,,1,JCSS20,,,,,,,,,,,,
11/12/22,9:30,11/12/22,10:30,Game,,Rear- Caven Point,,Caven Point,0,Game,,JCSS22,,1,JCSS18,,,,,,,,,,,,
11/12/22,10:30,11/12/22,11:30,Game,,Front - Caven Point,,Caven Point,0,Game,,JCSS13,,1,JCSS16,,,,,,,,,,,,
11/19/22,8:30,11/19/22,9:30,Game,,Front - Caven Point,,Caven Point,0,Game,,JCSS22,,1,JCSS14,,,,,,,,,,,,
11/19/22,8:30,11/19/22,9:30,Game,,Rear- Caven Point,,Caven Point,0,Game,,JCSS19,,1,JCSS18,,,,,,,,,,,,
11/19/22,9:30,11/19/22,10:30,Game,,Front - Caven Point,,Caven Point,0,Game,,JCSS21,,1,JCSS20,,,,,,,,,,,,
11/19/22,9:30,11/19/22,10:30,Game,,Rear- Caven Point,,Caven Point,0,Game,,JCSS16,,1,JCSS15,,,,,,,,,,,,
11/19/22,10:30,11/19/22,11:30,Game,,Front - Caven Point,,Caven Point,0,Game,,JCSS13,,1,JCSS17,,,,,,,,,,,,
9/17/22,8:00,9/17/22,9:00,Game,,Berry Lane Soccer Pitch,,Berry Lane Park,0,Game,,JCJRS30,,1,JCJRS28,,,,,,,,,,,,
9/17/22,9:00,9/17/22,10:00,Game,,Berry Lane Soccer Pitch,,Berry Lane Park,0,Game,,JCJRS26,,1,JCJRS23,,,,,,,,,,,,
9/17/22,10:00,9/17/22,11:00,Game,,Berry Lane Soccer Pitch,,Berry Lane Park,0,Game,,JCJRS24,,1,JCJRS29,,,,,,,,,,,,
9/17/22,11:00,9/17/22,12:00,Game,,Berry Lane Soccer Pitch,,Berry Lane Park,0,Game,,JCJRS25,,1,JCJRS27,,,,,,,,,,,,
9/24/22,8:00,9/24/22,9:00,Game,,Berry Lane Soccer Pitch,,Berry Lane Park,0,Game,,JCJRS25,,1,JCJRS28,,,,,,,,,,,,
9/24/22,9:00,9/24/22,10:00,Game,,Berry Lane Soccer Pitch,,Berry Lane Park,0,Game,,JCJRS23,,1,JCJRS27,,,,,,,,,,,,
9/24/22,10:00,9/24/22,11:00,Game,,Berry Lane Soccer Pitch,,Berry Lane Park,0,Game,,JCJRS30,,1,JCJRS29,,,,,,,,,,,,
9/24/22,11:00,9/24/22,12:00,Game,,Berry Lane Soccer Pitch,,Berry Lane Park,0,Game,,JCJRS26,,1,JCJRS24,,,,,,,,,,,,
10/1/22,8:00,10/1/22,9:00,Game,,Berry Lane Soccer Pitch,,Berry Lane Park,0,Game,,JCJRS29,,1,JCJRS23,,,,,,,,,,,,
10/1/22,9:00,10/1/22,10:00,Game,,Berry Lane Soccer Pitch,,Berry Lane Park,0,Game,,JCJRS30,,1,JCJRS26,,,,,,,,,,,,
10/1/22,10:00,10/1/22,11:00,Game,,Berry Lane Soccer Pitch,,Berry Lane Park,0,Game,,JCJRS24,,1,JCJRS25,,,,,,,,,,,,
10/1/22,11:00,10/1/22,12:00,Game,,Berry Lane Soccer Pitch,,Berry Lane Park,0,Game,,JCJRS28,,1,JCJRS27,,,,,,,,,,,,
10/8/22,8:00,10/8/22,9:00,Game,,Berry Lane Soccer Pitch,,Berry Lane Park,0,Game,,JCJRS27,,1,JCJRS24,,,,,,,,,,,,
10/8/22,9:00,10/8/22,10:00,Game,,Berry Lane Soccer Pitch,,Berry Lane Park,0,Game,,JCJRS25,,1,JCJRS30,,,,,,,,,,,,
10/8/22,10:00,10/8/22,11:00,Game,,Berry Lane Soccer Pitch,,Berry Lane Park,0,Game,,JCJRS23,,1,JCJRS28,,,,,,,,,,,,
10/8/22,11:00,10/8/22,12:00,Game,,Berry Lane Soccer Pitch,,Berry Lane Park,0,Game,,JCJRS29,,1,JCJRS26,,,,,,,,,,,,
10/15/22,8:00,10/15/22,9:00,Game,,Berry Lane Soccer Pitch,,Berry Lane Park,0,Game,,JCJRS26,,1,JCJRS25,,,,,,,,,,,,
10/15/22,9:00,10/15/22,10:00,Game,,Berry Lane Soccer Pitch,,Berry Lane Park,0,Game,,JCJRS28,,1,JCJRS29,,,,,,,,,,,,
10/15/22,10:00,10/15/22,11:00,Game,,Berry Lane Soccer Pitch,,Berry Lane Park,0,Game,,JCJRS30,,1,JCJRS27,,,,,,,,,,,,
10/15/22,11:00,10/15/22,12:00,Game,,Berry Lane Soccer Pitch,,Berry Lane Park,0,Game,,JCJRS24,,1,JCJRS23,,,,,,,,,,,,
10/22/22,8:00,10/22/22,9:00,Game,,Berry Lane Soccer Pitch,,Berry Lane Park,0,Game,,JCJRS27,,1,JCJRS26,,,,,,,,,,,,
10/22/22,9:00,10/22/22,10:00,Game,,Berry Lane Soccer Pitch,,Berry Lane Park,0,Game,,JCJRS29,,1,JCJRS25,,,,,,,,,,,,
10/22/22,10:00,10/22/22,11:00,Game,,Berry Lane Soccer Pitch,,Berry Lane Park,0,Game,,JCJRS23,,1,JCJRS30,,,,,,,,,,,,
10/22/22,11:00,10/22/22,12:00,Game,,Berry Lane Soccer Pitch,,Berry Lane Park,0,Game,,JCJRS28,,1,JCJRS24,,,,,,,,,,,,
10/29/22,8:00,10/29/22,9:00,Game,,Berry Lane Soccer Pitch,,Berry Lane Park,0,Game,,JCJRS24,,1,JCJRS30,,,,,,,,,,,,
10/29/22,9:00,10/29/22,10:00,Game,,Berry Lane Soccer Pitch,,Berry Lane Park,0,Game,,JCJRS28,,1,JCJRS26,,,,,,,,,,,,
10/29/22,10:00,10/29/22,11:00,Game,,Berry Lane Soccer Pitch,,Berry Lane Park,0,Game,,JCJRS29,,1,JCJRS27,,,,,,,,,,,,
10/29/22,11:00,10/29/22,12:00,Game,,Berry Lane Soccer Pitch,,Berry Lane Park,0,Game,,JCJRS25,,1,JCJRS23,,,,,,,,,,,,
11/5/22,8:00,11/5/22,9:00,Game,,Berry Lane Soccer Pitch,,Berry Lane Park,0,Game,,JCJRS24,,1,JCJRS29,,,,,,,,,,,,
11/5/22,9:00,11/5/22,10:00,Game,,Berry Lane Soccer Pitch,,Berry Lane Park,0,Game,,JCJRS25,,1,JCJRS27,,,,,,,,,,,,
11/5/22,10:00,11/5/22,11:00,Game,,Berry Lane Soccer Pitch,,Berry Lane Park,0,Game,,JCJRS30,,1,JCJRS28,,,,,,,,,,,,
11/5/22,11:00,11/5/22,12:00,Game,,Berry Lane Soccer Pitch,,Berry Lane Park,0,Game,,JCJRS26,,1,JCJRS23,,,,,,,,,,,,
11/12/22,8:00,11/12/22,9:00,Game,,Berry Lane Soccer Pitch,,Berry Lane Park,0,Game,,JCJRS24,,1,JCJRS23,,,,,,,,,,,,
11/12/22,9:00,11/12/22,10:00,Game,,Berry Lane Soccer Pitch,,Berry Lane Park,0,Game,,JCJRS25,,1,JCJRS27,,,,,,,,,,,,
11/12/22,10:00,11/12/22,11:00,Game,,Berry Lane Soccer Pitch,,Berry Lane Park,0,Game,,JCJRS26,,1,JCJRS30,,,,,,,,,,,,
11/12/22,11:00,11/12/22,12:00,Game,,Berry Lane Soccer Pitch,,Berry Lane Park,0,Game,,JCJRS29,,1,JCJRS28,,,,,,,,,,,,
11/19/22,8:00,11/19/22,9:00,Game,,Berry Lane Soccer Pitch,,Berry Lane Park,0,Game,,JCJRS23,,1,JCJRS28,,,,,,,,,,,,
11/19/22,9:00,11/19/22,10:00,Game,,Berry Lane Soccer Pitch,,Berry Lane Park,0,Game,,JCJRS24,,1,JCJRS29,,,,,,,,,,,,
11/19/22,10:00,11/19/22,11:00,Game,,Berry Lane Soccer Pitch,,Berry Lane Park,0,Game,,JCJRS26,,1,JCJRS25,,,,,,,,,,,,
11/19/22,11:00,11/19/22,12:00,Game,,Berry Lane Soccer Pitch,,Berry Lane Park,0,Game,,JCJRS27,,1,JCJRS30,,,,,,,,,,,,
9/17/22,8:30,9/17/22,9:40,Game,,Gateway Field,,23 Merseles Street,0,Game,,JCCH34,,1,JCCH33,,,,,,,,,,,,
9/17/22,9:40,9/17/22,10:50,Game,,Gateway Field,,23 Merseles Street,0,Game,,JCCH32,,1,JCCH35,,,,,,,,,,,,
9/17/22,10:50,9/17/22,12:00,Game,,Gateway Field,,23 Merseles Street,0,Game,,JCCH36,,1,JCCH31,,,,,,,,,,,,
9/24/22,8:30,9/24/22,9:40,Game,,Gateway Field,,23 Merseles Street,0,Game,,JCCH34,,1,JCCH35,,,,,,,,,,,,
9/24/22,9:40,9/24/22,10:50,Game,,Gateway Field,,23 Merseles Street,0,Game,,JCCH31,,1,JCCH33,,,,,,,,,,,,
9/24/22,10:50,9/24/22,12:00,Game,,Gateway Field,,23 Merseles Street,0,Game,,JCCH36,,1,JCCH32,,,,,,,,,,,,
10/1/22,8:30,10/1/22,9:40,Game,,Gateway Field,,23 Merseles Street,0,Game,,JCCH36,,1,JCCH33,,,,,,,,,,,,
10/1/22,9:40,10/1/22,10:50,Game,,Gateway Field,,23 Merseles Street,0,Game,,JCCH31,,1,JCCH35,,,,,,,,,,,,
10/1/22,10:50,10/1/22,12:00,Game,,Gateway Field,,23 Merseles Street,0,Game,,JCCH34,,1,JCCH32,,,,,,,,,,,,
10/8/22,8:30,10/8/22,9:40,Game,,Gateway Field,,23 Merseles Street,0,Game,,JCCH36,,1,JCCH35,,,,,,,,,,,,
10/8/22,9:40,10/8/22,10:50,Game,,Gateway Field,,23 Merseles Street,0,Game,,JCCH32,,1,JCCH33,,,,,,,,,,,,
10/8/22,10:50,10/8/22,12:00,Game,,Gateway Field,,23 Merseles Street,0,Game,,JCCH34,,1,JCCH31,,,,,,,,,,,,
10/15/22,8:30,10/15/22,9:40,Game,,Gateway Field,,23 Merseles Street,0,Game,,JCCH35,,1,JCCH33,,,,,,,,,,,,
10/15/22,9:40,10/15/22,10:50,Game,,Gateway Field,,23 Merseles Street,0,Game,,JCCH31,,1,JCCH32,,,,,,,,,,,,
10/15/22,10:50,10/15/22,12:00,Game,,Gateway Field,,23 Merseles Street,0,Game,,JCCH34,,1,JCCH36,,,,,,,,,,,,
10/22/22,8:30,10/22/22,9:40,Game,,Gateway Field,,23 Merseles Street,0,Game,,JCCH36,,1,JCCH31,,,,,,,,,,,,
10/22/22,9:40,10/22/22,10:50,Game,,Gateway Field,,23 Merseles Street,0,Game,,JCCH34,,1,JCCH33,,,,,,,,,,,,
10/22/22,10:50,10/22/22,12:00,Game,,Gateway Field,,23 Merseles Street,0,Game,,JCCH32,,1,JCCH35,,,,,,,,,,,,
10/29/22,8:30,10/29/22,9:40,Game,,Gateway Field,,23 Merseles Street,0,Game,,JCCH31,,1,JCCH35,,,,,,,,,,,,
10/29/22,9:40,10/29/22,10:50,Game,,Gateway Field,,23 Merseles Street,0,Game,,JCCH36,,1,JCCH33,,,,,,,,,,,,
10/29/22,10:50,10/29/22,12:00,Game,,Gateway Field,,23 Merseles Street,0,Game,,JCCH34,,1,JCCH32,,,,,,,,,,,,
11/5/22,8:30,11/5/22,9:40,Game,,Gateway Field,,23 Merseles Street,0,Game,,JCCH31,,1,JCCH33,,,,,,,,,,,,
11/5/22,9:40,11/5/22,10:50,Game,,Gateway Field,,23 Merseles Street,0,Game,,JCCH36,,1,JCCH32,,,,,,,,,,,,
11/5/22,10:50,11/5/22,12:00,Game,,Gateway Field,,23 Merseles Street,0,Game,,JCCH34,,1,JCCH35,,,,,,,,,,,,
11/12/22,8:30,11/12/22,9:40,Game,,Gateway Field,,23 Merseles Street,0,Game,,JCCH36,,1,JCCH35,,,,,,,,,,,,
11/12/22,9:40,11/12/22,10:50,Game,,Gateway Field,,23 Merseles Street,0,Game,,JCCH34,,1,JCCH31,,,,,,,,,,,,
11/12/22,10:50,11/12/22,12:00,Game,,Gateway Field,,23 Merseles Street,0,Game,,JCCH32,,1,JCCH33,,,,,,,,,,,,
11/19/22,8:30,11/19/22,9:40,Game,,Gateway Field,,23 Merseles Street,0,Game,,JCCH35,,1,JCCH33,,,,,,,,,,,,
11/19/22,9:40,11/19/22,10:50,Game,,Gateway Field,,23 Merseles Street,0,Game,,JCCH31,,1,JCCH32,,,,,,,,,,,,
11/19/22,10:50,11/19/22,12:00,Game,,Gateway Field,,23 Merseles Street,0,Game,,JCCH34,,1,JCCH36,,,,,,,,,,,,
9/17/22,13:30,9/17/22,14:30,Game,,Front - Caven Point,,Caven Point,0,Game,,JCPM39,,1,JCPM40,,,,,,,,,,,,
9/17/22,13:30,9/17/22,14:30,Game,,Rear- Caven Point,,Caven Point,0,Game,,JCPM37,,1,JCPM38,,,,,,,,,,,,
9/24/22,13:30,9/24/22,14:30,Game,,Front - Caven Point,,Caven Point,0,Game,,JCPM38,,1,JCPM39,,,,,,,,,,,,
9/24/22,13:30,9/24/22,14:30,Game,,Rear- Caven Point,,Caven Point,0,Game,,JCPM40,,1,JCPM37,,,,,,,,,,,,
10/1/22,13:30,10/1/22,14:30,Game,,Front - Caven Point,,Caven Point,0,Game,,JCPM38,,1,JCPM40,,,,,,,,,,,,
10/1/22,13:30,10/1/22,14:30,Game,,Rear- Caven Point,,Caven Point,0,Game,,JCPM39,,1,JCPM37,,,,,,,,,,,,
10/8/22,13:30,10/8/22,14:30,Game,,Front - Caven Point,,Caven Point,0,Game,,JCPM40,,1,JCPM39,,,,,,,,,,,,
10/8/22,13:30,10/8/22,14:30,Game,,Rear- Caven Point,,Caven Point,0,Game,,JCPM38,,1,JCPM37,,,,,,,,,,,,
10/15/22,13:30,10/15/22,14:30,Game,,Front - Caven Point,,Caven Point,0,Game,,JCPM39,,1,JCPM38,,,,,,,,,,,,
10/15/22,13:30,10/15/22,14:30,Game,,Rear- Caven Point,,Caven Point,0,Game,,JCPM37,,1,JCPM40,,,,,,,,,,,,
10/22/22,13:30,10/22/22,14:30,Game,,Front - Caven Point,,Caven Point,0,Game,,JCPM40,,1,JCPM38,,,,,,,,,,,,
10/22/22,13:30,10/22/22,14:30,Game,,Rear- Caven Point,,Caven Point,0,Game,,JCPM37,,1,JCPM39,,,,,,,,,,,,
10/29/22,13:30,10/29/22,14:30,Game,,Front - Caven Point,,Caven Point,0,Game,,JCPM39,,1,JCPM40,,,,,,,,,,,,
10/29/22,13:30,10/29/22,14:30,Game,,Rear- Caven Point,,Caven Point,0,Game,,JCPM37,,1,JCPM38,,,,,,,,,,,,
11/5/22,13:30,11/5/22,14:30,Game,,Front - Caven Point,,Caven Point,0,Game,,JCPM38,,1,JCPM39,,,,,,,,,,,,
11/5/22,13:30,11/5/22,14:30,Game,,Rear- Caven Point,,Caven Point,0,Game,,JCPM40,,1,JCPM37,,,,,,,,,,,,
11/12/22,13:30,11/12/22,14:30,Game,,Front - Caven Point,,Caven Point,0,Game,,JCPM38,,1,JCPM40,,,,,,,,,,,,
11/12/22,13:30,11/12/22,14:30,Game,,Rear- Caven Point,,Caven Point,0,Game,,JCPM39,,1,JCPM37,,,,,,,,,,,,
11/19/22,13:30,11/19/22,14:30,Game,,Front - Caven Point,,Caven Point,0,Game,,JCPM39,,1,JCPM40,,,,,,,,,,,,
11/19/22,13:30,11/19/22,14:30,Game,,Rear- Caven Point,,Caven Point,0,Game,,JCPM37,,1,JCPM38,,,,,,,,,,,,
9/14/2022,18:00,9/14/2022,19:30,Training,,Gateway Field,,23 Merseles Street,0,Event,JCCH31,,,0,,,,,,,,,,,,,
9/21/2022,18:00,9/21/2022,19:30,Training,,Gateway Field,,24 Merseles Street,0,Event,JCCH31,,,0,,,,,,,,,,,,,
9/28/2022,18:00,9/28/2022,19:30,Training,,Gateway Field,,25 Merseles Street,0,Event,JCCH31,,,0,,,,,,,,,,,,,
10/5/2022,18:00,10/5/2022,19:30,Training,,Gateway Field,,26 Merseles Street,0,Event,JCCH31,,,0,,,,,,,,,,,,,
10/12/2022,18:00,10/12/2022,19:30,Training,,Gateway Field,,27 Merseles Street,0,Event,JCCH31,,,0,,,,,,,,,,,,,
10/19/2022,18:00,10/19/2022,19:30,Training,,Gateway Field,,28 Merseles Street,0,Event,JCCH31,,,0,,,,,,,,,,,,,
10/26/2022,18:00,10/26/2022,19:30,Training,,Gateway Field,,29 Merseles Street,0,Event,JCCH31,,,0,,,,,,,,,,,,,
11/2/2022,18:00,11/2/2022,19:30,Training,,Gateway Field,,30 Merseles Street,0,Event,JCCH31,,,0,,,,,,,,,,,,,
11/9/2022,18:00,11/9/2022,19:30,Training,,Gateway Field,,31 Merseles Street,0,Event,JCCH31,,,0,,,,,,,,,,,,,
11/16/2022,18:00,11/16/2022,19:30,Training,,Gateway Field,,32 Merseles Street,0,Event,JCCH31,,,0,,,,,,,,,,,,,
9/14/2022,18:00,9/14/2022,19:30,Training,,Gateway Field,,33 Merseles Street,0,Event,JCCH32,,,0,,,,,,,,,,,,,
9/21/2022,18:00,9/21/2022,19:30,Training,,Gateway Field,,34 Merseles Street,0,Event,JCCH32,,,0,,,,,,,,,,,,,
9/28/2022,18:00,9/28/2022,19:30,Training,,Gateway Field,,35 Merseles Street,0,Event,JCCH32,,,0,,,,,,,,,,,,,
10/5/2022,18:00,10/5/2022,19:30,Training,,Gateway Field,,36 Merseles Street,0,Event,JCCH32,,,0,,,,,,,,,,,,,
10/12/2022,18:00,10/12/2022,19:30,Training,,Gateway Field,,37 Merseles Street,0,Event,JCCH32,,,0,,,,,,,,,,,,,
10/19/2022,18:00,10/19/2022,19:30,Training,,Gateway Field,,38 Merseles Street,0,Event,JCCH32,,,0,,,,,,,,,,,,,
10/26/2022,18:00,10/26/2022,19:30,Training,,Gateway Field,,39 Merseles Street,0,Event,JCCH32,,,0,,,,,,,,,,,,,
11/2/2022,18:00,11/2/2022,19:30,Training,,Gateway Field,,40 Merseles Street,0,Event,JCCH32,,,0,,,,,,,,,,,,,
11/9/2022,18:00,11/9/2022,19:30,Training,,Gateway Field,,41 Merseles Street,0,Event,JCCH32,,,0,,,,,,,,,,,,,
11/16/2022,18:00,11/16/2022,19:30,Training,,Gateway Field,,42 Merseles Street,0,Event,JCCH32,,,0,,,,,,,,,,,,,
9/14/2022,18:00,9/14/2022,19:30,Training,,Gateway Field,,43 Merseles Street,0,Event,JCCH33,,,0,,,,,,,,,,,,,
9/21/2022,18:00,9/21/2022,19:30,Training,,Gateway Field,,44 Merseles Street,0,Event,JCCH33,,,0,,,,,,,,,,,,,
9/28/2022,18:00,9/28/2022,19:30,Training,,Gateway Field,,45 Merseles Street,0,Event,JCCH33,,,0,,,,,,,,,,,,,
10/5/2022,18:00,10/5/2022,19:30,Training,,Gateway Field,,46 Merseles Street,0,Event,JCCH33,,,0,,,,,,,,,,,,,
10/12/2022,18:00,10/12/2022,19:30,Training,,Gateway Field,,47 Merseles Street,0,Event,JCCH33,,,0,,,,,,,,,,,,,
10/19/2022,18:00,10/19/2022,19:30,Training,,Gateway Field,,48 Merseles Street,0,Event,JCCH33,,,0,,,,,,,,,,,,,
10/26/2022,18:00,10/26/2022,19:30,Training,,Gateway Field,,49 Merseles Street,0,Event,JCCH33,,,0,,,,,,,,,,,,,
11/2/2022,18:00,11/2/2022,19:30,Training,,Gateway Field,,50 Merseles Street,0,Event,JCCH33,,,0,,,,,,,,,,,,,
11/9/2022,18:00,11/9/2022,19:30,Training,,Gateway Field,,51 Merseles Street,0,Event,JCCH33,,,0,,,,,,,,,,,,,
11/16/2022,18:00,11/16/2022,19:30,Training,,Gateway Field,,52 Merseles Street,0,Event,JCCH33,,,0,,,,,,,,,,,,,
9/14/2022,18:00,9/14/2022,19:30,Training,,Gateway Field,,53 Merseles Street,0,Event,JCCH34,,,0,,,,,,,,,,,,,
9/21/2022,18:00,9/21/2022,19:30,Training,,Gateway Field,,54 Merseles Street,0,Event,JCCH34,,,0,,,,,,,,,,,,,
9/28/2022,18:00,9/28/2022,19:30,Training,,Gateway Field,,55 Merseles Street,0,Event,JCCH34,,,0,,,,,,,,,,,,,
10/5/2022,18:00,10/5/2022,19:30,Training,,Gateway Field,,56 Merseles Street,0,Event,JCCH34,,,0,,,,,,,,,,,,,
10/12/2022,18:00,10/12/2022,19:30,Training,,Gateway Field,,57 Merseles Street,0,Event,JCCH34,,,0,,,,,,,,,,,,,
10/19/2022,18:00,10/19/2022,19:30,Training,,Gateway Field,,58 Merseles Street,0,Event,JCCH34,,,0,,,,,,,,,,,,,
10/26/2022,18:00,10/26/2022,19:30,Training,,Gateway Field,,59 Merseles Street,0,Event,JCCH34,,,0,,,,,,,,,,,,,
11/2/2022,18:00,11/2/2022,19:30,Training,,Gateway Field,,60 Merseles Street,0,Event,JCCH34,,,0,,,,,,,,,,,,,
11/9/2022,18:00,11/9/2022,19:30,Training,,Gateway Field,,61 Merseles Street,0,Event,JCCH34,,,0,,,,,,,,,,,,,
11/16/2022,18:00,11/16/2022,19:30,Training,,Gateway Field,,62 Merseles Street,0,Event,JCCH34,,,0,,,,,,,,,,,,,
9/14/2022,18:00,9/14/2022,19:30,Training,,Gateway Field,,63 Merseles Street,0,Event,JCCH35,,,0,,,,,,,,,,,,,
9/21/2022,18:00,9/21/2022,19:30,Training,,Gateway Field,,64 Merseles Street,0,Event,JCCH35,,,0,,,,,,,,,,,,,
9/28/2022,18:00,9/28/2022,19:30,Training,,Gateway Field,,65 Merseles Street,0,Event,JCCH35,,,0,,,,,,,,,,,,,
10/5/2022,18:00,10/5/2022,19:30,Training,,Gateway Field,,66 Merseles Street,0,Event,JCCH35,,,0,,,,,,,,,,,,,
10/12/2022,18:00,10/12/2022,19:30,Training,,Gateway Field,,67 Merseles Street,0,Event,JCCH35,,,0,,,,,,,,,,,,,
10/19/2022,18:00,10/19/2022,19:30,Training,,Gateway Field,,68 Merseles Street,0,Event,JCCH35,,,0,,,,,,,,,,,,,
10/26/2022,18:00,10/26/2022,19:30,Training,,Gateway Field,,69 Merseles Street,0,Event,JCCH35,,,0,,,,,,,,,,,,,
11/2/2022,18:00,11/2/2022,19:30,Training,,Gateway Field,,70 Merseles Street,0,Event,JCCH35,,,0,,,,,,,,,,,,,
11/9/2022,18:00,11/9/2022,19:30,Training,,Gateway Field,,71 Merseles Street,0,Event,JCCH35,,,0,,,,,,,,,,,,,
11/16/2022,18:00,11/16/2022,19:30,Training,,Gateway Field,,72 Merseles Street,0,Event,JCCH35,,,0,,,,,,,,,,,,,
9/14/2022,18:00,9/14/2022,19:30,Training,,Gateway Field,,73 Merseles Street,0,Event,JCCH36,,,0,,,,,,,,,,,,,
9/21/2022,18:00,9/21/2022,19:30,Training,,Gateway Field,,74 Merseles Street,0,Event,JCCH36,,,0,,,,,,,,,,,,,
9/28/2022,18:00,9/28/2022,19:30,Training,,Gateway Field,,75 Merseles Street,0,Event,JCCH36,,,0,,,,,,,,,,,,,
10/5/2022,18:00,10/5/2022,19:30,Training,,Gateway Field,,76 Merseles Street,0,Event,JCCH36,,,0,,,,,,,,,,,,,
10/12/2022,18:00,10/12/2022,19:30,Training,,Gateway Field,,77 Merseles Street,0,Event,JCCH36,,,0,,,,,,,,,,,,,
10/19/2022,18:00,10/19/2022,19:30,Training,,Gateway Field,,78 Merseles Street,0,Event,JCCH36,,,0,,,,,,,,,,,,,
10/26/2022,18:00,10/26/2022,19:30,Training,,Gateway Field,,79 Merseles Street,0,Event,JCCH36,,,0,,,,,,,,,,,,,
11/2/2022,18:00,11/2/2022,19:30,Training,,Gateway Field,,80 Merseles Street,0,Event,JCCH36,,,0,,,,,,,,,,,,,
11/9/2022,18:00,11/9/2022,19:30,Training,,Gateway Field,,81 Merseles Street,0,Event,JCCH36,,,0,,,,,,,,,,,,,
11/16/2022,18:00,11/16/2022,19:30,Training,,Gateway Field,,82 Merseles Street,0,Event,JCCH36,,,0,,,,,,,,,,,,,
9/10/22,9:00,9/10/22,10:30,Training,,Main Field - Caven Point,,Caven Point,0,Event,JCSS13,,,0,,,,,,,,,,,,,
9/19/2022,18:00,9/19/2022,19:30,Training,,Main Field - Caven Point,,Caven Point,0,Event,JCSS13,,,0,,,,,,,,,,,,,
9/26/2022,18:00,9/26/2022,19:30,Training,,Main Field - Caven Point,,Caven Point,0,Event,JCSS13,,,0,,,,,,,,,,,,,
10/3/2022,18:00,10/3/2022,19:30,Training,,Main Field - Caven Point,,Caven Point,0,Event,JCSS13,,,0,,,,,,,,,,,,,
10/10/2022,18:00,10/10/2022,19:30,Training,,Main Field - Caven Point,,Caven Point,0,Event,JCSS13,,,0,,,,,,,,,,,,,
10/17/2022,18:00,10/17/2022,19:30,Training,,Main Field - Caven Point,,Caven Point,0,Event,JCSS13,,,0,,,,,,,,,,,,,
10/24/2022,18:00,10/24/2022,19:30,Training,,Main Field - Caven Point,,Caven Point,0,Event,JCSS13,,,0,,,,,,,,,,,,,
10/31/2022,18:00,10/31/2022,19:30,Training,,Main Field - Caven Point,,Caven Point,0,Event,JCSS13,,,0,,,,,,,,,,,,,
11/7/2022,18:00,11/7/2022,19:30,Training,,Main Field - Caven Point,,Caven Point,0,Event,JCSS13,,,0,,,,,,,,,,,,,
11/14/22,18:00,11/14/22,19:30,Training,,Main Field - Caven Point,,Caven Point,0,Event,JCSS13,,,0,,,,,,,,,,,,,
9/10/22,9:00,9/10/22,10:30,Training,,Main Field - Caven Point,,Caven Point,0,Event,JCSS14,,,0,,,,,,,,,,,,,
9/19/2022,18:00,9/19/2022,19:30,Training,,Main Field - Caven Point,,Caven Point,0,Event,JCSS14,,,0,,,,,,,,,,,,,
9/26/2022,18:00,9/26/2022,19:30,Training,,Main Field - Caven Point,,Caven Point,0,Event,JCSS14,,,0,,,,,,,,,,,,,
10/3/2022,18:00,10/3/2022,19:30,Training,,Main Field - Caven Point,,Caven Point,0,Event,JCSS14,,,0,,,,,,,,,,,,,
10/10/2022,18:00,10/10/2022,19:30,Training,,Main Field - Caven Point,,Caven Point,0,Event,JCSS14,,,0,,,,,,,,,,,,,
10/17/2022,18:00,10/17/2022,19:30,Training,,Main Field - Caven Point,,Caven Point,0,Event,JCSS14,,,0,,,,,,,,,,,,,
10/24/2022,18:00,10/24/2022,19:30,Training,,Main Field - Caven Point,,Caven Point,0,Event,JCSS14,,,0,,,,,,,,,,,,,
10/31/2022,18:00,10/31/2022,19:30,Training,,Main Field - Caven Point,,Caven Point,0,Event,JCSS14,,,0,,,,,,,,,,,,,
11/7/2022,18:00,11/7/2022,19:30,Training,,Main Field - Caven Point,,Caven Point,0,Event,JCSS14,,,0,,,,,,,,,,,,,
11/14/22,18:00,11/14/22,19:30,Training,,Main Field - Caven Point,,Caven Point,0,Event,JCSS14,,,0,,,,,,,,,,,,,
9/10/22,9:00,9/10/22,10:30,Training,,Main Field - Caven Point,,Caven Point,0,Event,JCSS15,,,0,,,,,,,,,,,,,
9/19/2022,18:00,9/19/2022,19:30,Training,,Main Field - Caven Point,,Caven Point,0,Event,JCSS15,,,0,,,,,,,,,,,,,
9/26/2022,18:00,9/26/2022,19:30,Training,,Main Field - Caven Point,,Caven Point,0,Event,JCSS15,,,0,,,,,,,,,,,,,
10/3/2022,18:00,10/3/2022,19:30,Training,,Main Field - Caven Point,,Caven Point,0,Event,JCSS15,,,0,,,,,,,,,,,,,
10/10/2022,18:00,10/10/2022,19:30,Training,,Main Field - Caven Point,,Caven Point,0,Event,JCSS15,,,0,,,,,,,,,,,,,
10/17/2022,18:00,10/17/2022,19:30,Training,,Main Field - Caven Point,,Caven Point,0,Event,JCSS15,,,0,,,,,,,,,,,,,
10/24/2022,18:00,10/24/2022,19:30,Training,,Main Field - Caven Point,,Caven Point,0,Event,JCSS15,,,0,,,,,,,,,,,,,
10/31/2022,18:00,10/31/2022,19:30,Training,,Main Field - Caven Point,,Caven Point,0,Event,JCSS15,,,0,,,,,,,,,,,,,
11/7/2022,18:00,11/7/2022,19:30,Training,,Main Field - Caven Point,,Caven Point,0,Event,JCSS15,,,0,,,,,,,,,,,,,
11/14/22,18:00,11/14/22,19:30,Training,,Main Field - Caven Point,,Caven Point,0,Event,JCSS15,,,0,,,,,,,,,,,,,
9/10/22,9:00,9/10/22,10:30,Training,,Main Field - Caven Point,,Caven Point,0,Event,JCSS16,,,0,,,,,,,,,,,,,
9/19/2022,18:00,9/19/2022,19:30,Training,,Main Field - Caven Point,,Caven Point,0,Event,JCSS16,,,0,,,,,,,,,,,,,
9/26/2022,18:00,9/26/2022,19:30,Training,,Main Field - Caven Point,,Caven Point,0,Event,JCSS16,,,0,,,,,,,,,,,,,
10/3/2022,18:00,10/3/2022,19:30,Training,,Main Field - Caven Point,,Caven Point,0,Event,JCSS16,,,0,,,,,,,,,,,,,
10/10/2022,18:00,10/10/2022,19:30,Training,,Main Field - Caven Point,,Caven Point,0,Event,JCSS16,,,0,,,,,,,,,,,,,
10/17/2022,18:00,10/17/2022,19:30,Training,,Main Field - Caven Point,,Caven Point,0,Event,JCSS16,,,0,,,,,,,,,,,,,
10/24/2022,18:00,10/24/2022,19:30,Training,,Main Field - Caven Point,,Caven Point,0,Event,JCSS16,,,0,,,,,,,,,,,,,
10/31/2022,18:00,10/31/2022,19:30,Training,,Main Field - Caven Point,,Caven Point,0,Event,JCSS16,,,0,,,,,,,,,,,,,
11/7/2022,18:00,11/7/2022,19:30,Training,,Main Field - Caven Point,,Caven Point,0,Event,JCSS16,,,0,,,,,,,,,,,,,
11/14/22,18:00,11/14/22,19:30,Training,,Main Field - Caven Point,,Caven Point,0,Event,JCSS16,,,0,,,,,,,,,,,,,
9/10/22,9:00,9/10/22,10:30,Training,,Main Field - Caven Point,,Caven Point,0,Event,JCSS17,,,0,,,,,,,,,,,,,
9/19/2022,18:00,9/19/2022,19:30,Training,,Main Field - Caven Point,,Caven Point,0,Event,JCSS17,,,0,,,,,,,,,,,,,
9/26/2022,18:00,9/26/2022,19:30,Training,,Main Field - Caven Point,,Caven Point,0,Event,JCSS17,,,0,,,,,,,,,,,,,
10/3/2022,18:00,10/3/2022,19:30,Training,,Main Field - Caven Point,,Caven Point,0,Event,JCSS17,,,0,,,,,,,,,,,,,
10/10/2022,18:00,10/10/2022,19:30,Training,,Main Field - Caven Point,,Caven Point,0,Event,JCSS17,,,0,,,,,,,,,,,,,
10/17/2022,18:00,10/17/2022,19:30,Training,,Main Field - Caven Point,,Caven Point,0,Event,JCSS17,,,0,,,,,,,,,,,,,
10/24/2022,18:00,10/24/2022,19:30,Training,,Main Field - Caven Point,,Caven Point,0,Event,JCSS17,,,0,,,,,,,,,,,,,
10/31/2022,18:00,10/31/2022,19:30,Training,,Main Field - Caven Point,,Caven Point,0,Event,JCSS17,,,0,,,,,,,,,,,,,
11/7/2022,18:00,11/7/2022,19:30,Training,,Main Field - Caven Point,,Caven Point,0,Event,JCSS17,,,0,,,,,,,,,,,,,
11/14/22,18:00,11/14/22,19:30,Training,,Main Field - Caven Point,,Caven Point,0,Event,JCSS17,,,0,,,,,,,,,,,,,
9/10/22,9:00,9/10/22,10:30,Training,,Main Field - Caven Point,,Caven Point,0,Event,JCSS18,,,0,,,,,,,,,,,,,
9/19/2022,18:00,9/19/2022,19:30,Training,,Main Field - Caven Point,,Caven Point,0,Event,JCSS18,,,0,,,,,,,,,,,,,
9/26/2022,18:00,9/26/2022,19:30,Training,,Main Field - Caven Point,,Caven Point,0,Event,JCSS18,,,0,,,,,,,,,,,,,
10/3/2022,18:00,10/3/2022,19:30,Training,,Main Field - Caven Point,,Caven Point,0,Event,JCSS18,,,0,,,,,,,,,,,,,
10/10/2022,18:00,10/10/2022,19:30,Training,,Main Field - Caven Point,,Caven Point,0,Event,JCSS18,,,0,,,,,,,,,,,,,
10/17/2022,18:00,10/17/2022,19:30,Training,,Main Field - Caven Point,,Caven Point,0,Event,JCSS18,,,0,,,,,,,,,,,,,
10/24/2022,18:00,10/24/2022,19:30,Training,,Main Field - Caven Point,,Caven Point,0,Event,JCSS18,,,0,,,,,,,,,,,,,
10/31/2022,18:00,10/31/2022,19:30,Training,,Main Field - Caven Point,,Caven Point,0,Event,JCSS18,,,0,,,,,,,,,,,,,
11/7/2022,18:00,11/7/2022,19:30,Training,,Main Field - Caven Point,,Caven Point,0,Event,JCSS18,,,0,,,,,,,,,,,,,
11/14/22,18:00,11/14/22,19:30,Training,,Main Field - Caven Point,,Caven Point,0,Event,JCSS18,,,0,,,,,,,,,,,,,
9/10/22,9:00,9/10/22,10:30,Training,,Main Field - Caven Point,,Caven Point,0,Event,JCSS19,,,0,,,,,,,,,,,,,
9/19/2022,18:00,9/19/2022,19:30,Training,,Main Field - Caven Point,,Caven Point,0,Event,JCSS19,,,0,,,,,,,,,,,,,
9/26/2022,18:00,9/26/2022,19:30,Training,,Main Field - Caven Point,,Caven Point,0,Event,JCSS19,,,0,,,,,,,,,,,,,
10/3/2022,18:00,10/3/2022,19:30,Training,,Main Field - Caven Point,,Caven Point,0,Event,JCSS19,,,0,,,,,,,,,,,,,
10/10/2022,18:00,10/10/2022,19:30,Training,,Main Field - Caven Point,,Caven Point,0,Event,JCSS19,,,0,,,,,,,,,,,,,
10/17/2022,18:00,10/17/2022,19:30,Training,,Main Field - Caven Point,,Caven Point,0,Event,JCSS19,,,0,,,,,,,,,,,,,
10/24/2022,18:00,10/24/2022,19:30,Training,,Main Field - Caven Point,,Caven Point,0,Event,JCSS19,,,0,,,,,,,,,,,,,
10/31/2022,18:00,10/31/2022,19:30,Training,,Main Field - Caven Point,,Caven Point,0,Event,JCSS19,,,0,,,,,,,,,,,,,
11/7/2022,18:00,11/7/2022,19:30,Training,,Main Field - Caven Point,,Caven Point,0,Event,JCSS19,,,0,,,,,,,,,,,,,
11/14/22,18:00,11/14/22,19:30,Training,,Main Field - Caven Point,,Caven Point,0,Event,JCSS19,,,0,,,,,,,,,,,,,
9/10/22,9:00,9/10/22,10:30,Training,,Main Field - Caven Point,,Caven Point,0,Event,JCSS20,,,0,,,,,,,,,,,,,
9/19/2022,18:00,9/19/2022,19:30,Training,,Main Field - Caven Point,,Caven Point,0,Event,JCSS20,,,0,,,,,,,,,,,,,
9/26/2022,18:00,9/26/2022,19:30,Training,,Main Field - Caven Point,,Caven Point,0,Event,JCSS20,,,0,,,,,,,,,,,,,
10/3/2022,18:00,10/3/2022,19:30,Training,,Main Field - Caven Point,,Caven Point,0,Event,JCSS20,,,0,,,,,,,,,,,,,
10/10/2022,18:00,10/10/2022,19:30,Training,,Main Field - Caven Point,,Caven Point,0,Event,JCSS20,,,0,,,,,,,,,,,,,
10/17/2022,18:00,10/17/2022,19:30,Training,,Main Field - Caven Point,,Caven Point,0,Event,JCSS20,,,0,,,,,,,,,,,,,
10/24/2022,18:00,10/24/2022,19:30,Training,,Main Field - Caven Point,,Caven Point,0,Event,JCSS20,,,0,,,,,,,,,,,,,
10/31/2022,18:00,10/31/2022,19:30,Training,,Main Field - Caven Point,,Caven Point,0,Event,JCSS20,,,0,,,,,,,,,,,,,
11/7/2022,18:00,11/7/2022,19:30,Training,,Main Field - Caven Point,,Caven Point,0,Event,JCSS20,,,0,,,,,,,,,,,,,
11/14/22,18:00,11/14/22,19:30,Training,,Main Field - Caven Point,,Caven Point,0,Event,JCSS20,,,0,,,,,,,,,,,,,
9/10/22,9:00,9/10/22,10:30,Training,,Main Field - Caven Point,,Caven Point,0,Event,JCSS21,,,0,,,,,,,,,,,,,
9/19/2022,18:00,9/19/2022,19:30,Training,,Main Field - Caven Point,,Caven Point,0,Event,JCSS21,,,0,,,,,,,,,,,,,
9/26/2022,18:00,9/26/2022,19:30,Training,,Main Field - Caven Point,,Caven Point,0,Event,JCSS21,,,0,,,,,,,,,,,,,
10/3/2022,18:00,10/3/2022,19:30,Training,,Main Field - Caven Point,,Caven Point,0,Event,JCSS21,,,0,,,,,,,,,,,,,
10/10/2022,18:00,10/10/2022,19:30,Training,,Main Field - Caven Point,,Caven Point,0,Event,JCSS21,,,0,,,,,,,,,,,,,
10/17/2022,18:00,10/17/2022,19:30,Training,,Main Field - Caven Point,,Caven Point,0,Event,JCSS21,,,0,,,,,,,,,,,,,
10/24/2022,18:00,10/24/2022,19:30,Training,,Main Field - Caven Point,,Caven Point,0,Event,JCSS21,,,0,,,,,,,,,,,,,
10/31/2022,18:00,10/31/2022,19:30,Training,,Main Field - Caven Point,,Caven Point,0,Event,JCSS21,,,0,,,,,,,,,,,,,
11/7/2022,18:00,11/7/2022,19:30,Training,,Main Field - Caven Point,,Caven Point,0,Event,JCSS21,,,0,,,,,,,,,,,,,
11/14/22,18:00,11/14/22,19:30,Training,,Main Field - Caven Point,,Caven Point,0,Event,JCSS21,,,0,,,,,,,,,,,,,
9/10/22,9:00,9/10/22,10:30,Training,,Main Field - Caven Point,,Caven Point,0,Event,JCSS22,,,0,,,,,,,,,,,,,
9/19/2022,18:00,9/19/2022,19:30,Training,,Main Field - Caven Point,,Caven Point,0,Event,JCSS22,,,0,,,,,,,,,,,,,
9/26/2022,18:00,9/26/2022,19:30,Training,,Main Field - Caven Point,,Caven Point,0,Event,JCSS22,,,0,,,,,,,,,,,,,
10/3/2022,18:00,10/3/2022,19:30,Training,,Main Field - Caven Point,,Caven Point,0,Event,JCSS22,,,0,,,,,,,,,,,,,
10/10/2022,18:00,10/10/2022,19:30,Training,,Main Field - Caven Point,,Caven Point,0,Event,JCSS22,,,0,,,,,,,,,,,,,
10/17/2022,18:00,10/17/2022,19:30,Training,,Main Field - Caven Point,,Caven Point,0,Event,JCSS22,,,0,,,,,,,,,,,,,
10/24/2022,18:00,10/24/2022,19:30,Training,,Main Field - Caven Point,,Caven Point,0,Event,JCSS22,,,0,,,,,,,,,,,,,
10/31/2022,18:00,10/31/2022,19:30,Training,,Main Field - Caven Point,,Caven Point,0,Event,JCSS22,,,0,,,,,,,,,,,,,
11/7/2022,18:00,11/7/2022,19:30,Training,,Main Field - Caven Point,,Caven Point,0,Event,JCSS22,,,0,,,,,,,,,,,,,
11/14/22,18:00,11/14/22,19:30,Training,,Main Field - Caven Point,,Caven Point,0,Event,JCSS22,,,0,,,,,,,,,,,,,
9/13/2022,18:00,9/13/2022,19:30,Training,,Main Field - Caven Point,,Caven Point,0,Event,JCJRS23,,,0,,,,,,,,,,,,,
9/20/2022,18:00,9/20/2022,19:30,Training,,Main Field - Caven Point,,Caven Point,0,Event,JCJRS23,,,0,,,,,,,,,,,,,
9/27/2022,18:00,9/27/2022,19:30,Training,,Main Field - Caven Point,,Caven Point,0,Event,JCJRS23,,,0,,,,,,,,,,,,,
10/4/2022,18:00,10/4/2022,19:30,Training,,Main Field - Caven Point,,Caven Point,0,Event,JCJRS23,,,0,,,,,,,,,,,,,
10/11/2022,18:00,10/11/2022,19:30,Training,,Main Field - Caven Point,,Caven Point,0,Event,JCJRS23,,,0,,,,,,,,,,,,,
10/18/2022,18:00,10/18/2022,19:30,Training,,Main Field - Caven Point,,Caven Point,0,Event,JCJRS23,,,0,,,,,,,,,,,,,
10/25/2022,18:00,10/25/2022,19:30,Training,,Main Field - Caven Point,,Caven Point,0,Event,JCJRS23,,,0,,,,,,,,,,,,,
11/1/2022,18:00,11/1/2022,19:30,Training,,Main Field - Caven Point,,Caven Point,0,Event,JCJRS23,,,0,,,,,,,,,,,,,
11/8/2022,18:00,11/8/2022,19:30,Training,,Main Field - Caven Point,,Caven Point,0,Event,JCJRS23,,,0,,,,,,,,,,,,,
11/15/2022,18:00,11/15/2022,19:30,Training,,Main Field - Caven Point,,Caven Point,0,Event,JCJRS23,,,0,,,,,,,,,,,,,
9/13/2022,18:00,9/13/2022,19:30,Training,,Main Field - Caven Point,,Caven Point,0,Event,JCJRS24,,,0,,,,,,,,,,,,,
9/20/2022,18:00,9/20/2022,19:30,Training,,Main Field - Caven Point,,Caven Point,0,Event,JCJRS24,,,0,,,,,,,,,,,,,
9/27/2022,18:00,9/27/2022,19:30,Training,,Main Field - Caven Point,,Caven Point,0,Event,JCJRS24,,,0,,,,,,,,,,,,,
10/4/2022,18:00,10/4/2022,19:30,Training,,Main Field - Caven Point,,Caven Point,0,Event,JCJRS24,,,0,,,,,,,,,,,,,
10/11/2022,18:00,10/11/2022,19:30,Training,,Main Field - Caven Point,,Caven Point,0,Event,JCJRS24,,,0,,,,,,,,,,,,,
10/18/2022,18:00,10/18/2022,19:30,Training,,Main Field - Caven Point,,Caven Point,0,Event,JCJRS24,,,0,,,,,,,,,,,,,
10/25/2022,18:00,10/25/2022,19:30,Training,,Main Field - Caven Point,,Caven Point,0,Event,JCJRS24,,,0,,,,,,,,,,,,,
11/1/2022,18:00,11/1/2022,19:30,Training,,Main Field - Caven Point,,Caven Point,0,Event,JCJRS24,,,0,,,,,,,,,,,,,
11/8/2022,18:00,11/8/2022,19:30,Training,,Main Field - Caven Point,,Caven Point,0,Event,JCJRS24,,,0,,,,,,,,,,,,,
11/15/2022,18:00,11/15/2022,19:30,Training,,Main Field - Caven Point,,Caven Point,0,Event,JCJRS24,,,0,,,,,,,,,,,,,
9/13/2022,18:00,9/13/2022,19:30,Training,,Main Field - Caven Point,,Caven Point,0,Event,JCJRS24,,,0,,,,,,,,,,,,,
9/20/2022,18:00,9/20/2022,19:30,Training,,Main Field - Caven Point,,Caven Point,0,Event,JCJRS25,,,0,,,,,,,,,,,,,
9/27/2022,18:00,9/27/2022,19:30,Training,,Main Field - Caven Point,,Caven Point,0,Event,JCJRS25,,,0,,,,,,,,,,,,,
10/4/2022,18:00,10/4/2022,19:30,Training,,Main Field - Caven Point,,Caven Point,0,Event,JCJRS25,,,0,,,,,,,,,,,,,
10/11/2022,18:00,10/11/2022,19:30,Training,,Main Field - Caven Point,,Caven Point,0,Event,JCJRS25,,,0,,,,,,,,,,,,,
10/18/2022,18:00,10/18/2022,19:30,Training,,Main Field - Caven Point,,Caven Point,0,Event,JCJRS25,,,0,,,,,,,,,,,,,
10/25/2022,18:00,10/25/2022,19:30,Training,,Main Field - Caven Point,,Caven Point,0,Event,JCJRS25,,,0,,,,,,,,,,,,,
11/1/2022,18:00,11/1/2022,19:30,Training,,Main Field - Caven Point,,Caven Point,0,Event,JCJRS25,,,0,,,,,,,,,,,,,
11/8/2022,18:00,11/8/2022,19:30,Training,,Main Field - Caven Point,,Caven Point,0,Event,JCJRS25,,,0,,,,,,,,,,,,,
11/15/2022,18:00,11/15/2022,19:30,Training,,Main Field - Caven Point,,Caven Point,0,Event,JCJRS25,,,0,,,,,,,,,,,,,
9/13/2022,18:00,9/13/2022,19:30,Training,,Main Field - Caven Point,,Caven Point,0,Event,JCJRS26,,,0,,,,,,,,,,,,,
9/20/2022,18:00,9/20/2022,19:30,Training,,Main Field - Caven Point,,Caven Point,0,Event,JCJRS26,,,0,,,,,,,,,,,,,
9/27/2022,18:00,9/27/2022,19:30,Training,,Main Field - Caven Point,,Caven Point,0,Event,JCJRS26,,,0,,,,,,,,,,,,,
10/4/2022,18:00,10/4/2022,19:30,Training,,Main Field - Caven Point,,Caven Point,0,Event,JCJRS26,,,0,,,,,,,,,,,,,
10/11/2022,18:00,10/11/2022,19:30,Training,,Main Field - Caven Point,,Caven Point,0,Event,JCJRS26,,,0,,,,,,,,,,,,,
10/18/2022,18:00,10/18/2022,19:30,Training,,Main Field - Caven Point,,Caven Point,0,Event,JCJRS26,,,0,,,,,,,,,,,,,
10/25/2022,18:00,10/25/2022,19:30,Training,,Main Field - Caven Point,,Caven Point,0,Event,JCJRS26,,,0,,,,,,,,,,,,,
11/1/2022,18:00,11/1/2022,19:30,Training,,Main Field - Caven Point,,Caven Point,0,Event,JCJRS26,,,0,,,,,,,,,,,,,
11/8/2022,18:00,11/8/2022,19:30,Training,,Main Field - Caven Point,,Caven Point,0,Event,JCJRS26,,,0,,,,,,,,,,,,,
11/15/2022,18:00,11/15/2022,19:30,Training,,Main Field - Caven Point,,Caven Point,0,Event,JCJRS26,,,0,,,,,,,,,,,,,
9/13/2022,18:00,9/13/2022,19:30,Training,,Main Field - Caven Point,,Caven Point,0,Event,JCJRS27,,,0,,,,,,,,,,,,,
9/20/2022,18:00,9/20/2022,19:30,Training,,Main Field - Caven Point,,Caven Point,0,Event,JCJRS27,,,0,,,,,,,,,,,,,
9/27/2022,18:00,9/27/2022,19:30,Training,,Main Field - Caven Point,,Caven Point,0,Event,JCJRS27,,,0,,,,,,,,,,,,,
10/4/2022,18:00,10/4/2022,19:30,Training,,Main Field - Caven Point,,Caven Point,0,Event,JCJRS27,,,0,,,,,,,,,,,,,
10/11/2022,18:00,10/11/2022,19:30,Training,,Main Field - Caven Point,,Caven Point,0,Event,JCJRS27,,,0,,,,,,,,,,,,,
10/18/2022,18:00,10/18/2022,19:30,Training,,Main Field - Caven Point,,Caven Point,0,Event,JCJRS27,,,0,,,,,,,,,,,,,
10/25/2022,18:00,10/25/2022,19:30,Training,,Main Field - Caven Point,,Caven Point,0,Event,JCJRS27,,,0,,,,,,,,,,,,,
11/1/2022,18:00,11/1/2022,19:30,Training,,Main Field - Caven Point,,Caven Point,0,Event,JCJRS27,,,0,,,,,,,,,,,,,
11/8/2022,18:00,11/8/2022,19:30,Training,,Main Field - Caven Point,,Caven Point,0,Event,JCJRS27,,,0,,,,,,,,,,,,,
11/15/2022,18:00,11/15/2022,19:30,Training,,Main Field - Caven Point,,Caven Point,0,Event,JCJRS27,,,0,,,,,,,,,,,,,
9/13/2022,18:00,9/13/2022,19:30,Training,,Main Field - Caven Point,,Caven Point,0,Event,JCJRS28,,,0,,,,,,,,,,,,,
9/20/2022,18:00,9/20/2022,19:30,Training,,Main Field - Caven Point,,Caven Point,0,Event,JCJRS28,,,0,,,,,,,,,,,,,
9/27/2022,18:00,9/27/2022,19:30,Training,,Main Field - Caven Point,,Caven Point,0,Event,JCJRS28,,,0,,,,,,,,,,,,,
10/4/2022,18:00,10/4/2022,19:30,Training,,Main Field - Caven Point,,Caven Point,0,Event,JCJRS28,,,0,,,,,,,,,,,,,
10/11/2022,18:00,10/11/2022,19:30,Training,,Main Field - Caven Point,,Caven Point,0,Event,JCJRS28,,,0,,,,,,,,,,,,,
10/18/2022,18:00,10/18/2022,19:30,Training,,Main Field - Caven Point,,Caven Point,0,Event,JCJRS28,,,0,,,,,,,,,,,,,
10/25/2022,18:00,10/25/2022,19:30,Training,,Main Field - Caven Point,,Caven Point,0,Event,JCJRS28,,,0,,,,,,,,,,,,,
11/1/2022,18:00,11/1/2022,19:30,Training,,Main Field - Caven Point,,Caven Point,0,Event,JCJRS28,,,0,,,,,,,,,,,,,
11/8/2022,18:00,11/8/2022,19:30,Training,,Main Field - Caven Point,,Caven Point,0,Event,JCJRS28,,,0,,,,,,,,,,,,,
11/15/2022,18:00,11/15/2022,19:30,Training,,Main Field - Caven Point,,Caven Point,0,Event,JCJRS28,,,0,,,,,,,,,,,,,
9/13/2022,18:00,9/13/2022,19:30,Training,,Main Field - Caven Point,,Caven Point,0,Event,JCJRS29,,,0,,,,,,,,,,,,,
9/20/2022,18:00,9/20/2022,19:30,Training,,Main Field - Caven Point,,Caven Point,0,Event,JCJRS29,,,0,,,,,,,,,,,,,
9/27/2022,18:00,9/27/2022,19:30,Training,,Main Field - Caven Point,,Caven Point,0,Event,JCJRS29,,,0,,,,,,,,,,,,,
10/4/2022,18:00,10/4/2022,19:30,Training,,Main Field - Caven Point,,Caven Point,0,Event,JCJRS29,,,0,,,,,,,,,,,,,
10/11/2022,18:00,10/11/2022,19:30,Training,,Main Field - Caven Point,,Caven Point,0,Event,JCJRS29,,,0,,,,,,,,,,,,,
10/18/2022,18:00,10/18/2022,19:30,Training,,Main Field - Caven Point,,Caven Point,0,Event,JCJRS29,,,0,,,,,,,,,,,,,
10/25/2022,18:00,10/25/2022,19:30,Training,,Main Field - Caven Point,,Caven Point,0,Event,JCJRS29,,,0,,,,,,,,,,,,,
11/1/2022,18:00,11/1/2022,19:30,Training,,Main Field - Caven Point,,Caven Point,0,Event,JCJRS29,,,0,,,,,,,,,,,,,
11/8/2022,18:00,11/8/2022,19:30,Training,,Main Field - Caven Point,,Caven Point,0,Event,JCJRS29,,,0,,,,,,,,,,,,,
11/15/2022,18:00,11/15/2022,19:30,Training,,Main Field - Caven Point,,Caven Point,0,Event,JCJRS29,,,0,,,,,,,,,,,,,
9/13/2022,18:00,9/13/2022,19:30,Training,,Main Field - Caven Point,,Caven Point,0,Event,JCJRS30,,,0,,,,,,,,,,,,,
9/20/2022,18:00,9/20/2022,19:30,Training,,Main Field - Caven Point,,Caven Point,0,Event,JCJRS30,,,0,,,,,,,,,,,,,
9/27/2022,18:00,9/27/2022,19:30,Training,,Main Field - Caven Point,,Caven Point,0,Event,JCJRS30,,,0,,,,,,,,,,,,,
10/4/2022,18:00,10/4/2022,19:30,Training,,Main Field - Caven Point,,Caven Point,0,Event,JCJRS30,,,0,,,,,,,,,,,,,
10/11/2022,18:00,10/11/2022,19:30,Training,,Main Field - Caven Point,,Caven Point,0,Event,JCJRS30,,,0,,,,,,,,,,,,,
10/18/2022,18:00,10/18/2022,19:30,Training,,Main Field - Caven Point,,Caven Point,0,Event,JCJRS30,,,0,,,,,,,,,,,,,
10/25/2022,18:00,10/25/2022,19:30,Training,,Main Field - Caven Point,,Caven Point,0,Event,JCJRS30,,,0,,,,,,,,,,,,,
11/1/2022,18:00,11/1/2022,19:30,Training,,Main Field - Caven Point,,Caven Point,0,Event,JCJRS30,,,0,,,,,,,,,,,,,
11/8/2022,18:00,11/8/2022,19:30,Training,,Main Field - Caven Point,,Caven Point,0,Event,JCJRS30,,,0,,,,,,,,,,,,,
11/15/2022,18:00,11/15/2022,19:30,Training,,Main Field - Caven Point,,Caven Point,0,Event,JCJRS30,,,0,,,,,,,,,,,,,
9/10/22,10:30,9/10/22,12:00,Training,,Main Field - Caven Point,,Caven Point,0,Event,JCPM37,,,,,,,,,,,,,,,,
9/19/2022,19:30,9/19/2022,21:00,Training,,Main Field - Caven Point,,Caven Point,0,Event,JCPM37,,,,,,,,,,,,,,,,
9/26/2022,19:30,9/26/2022,21:00,Training,,Main Field - Caven Point,,Caven Point,0,Event,JCPM37,,,,,,,,,,,,,,,,
10/3/2022,19:30,10/3/2022,21:00,Training,,Main Field - Caven Point,,Caven Point,0,Event,JCPM37,,,,,,,,,,,,,,,,
10/17/2022,19:30,10/17/2022,21:00,Training,,Main Field - Caven Point,,Caven Point,0,Event,JCPM37,,,,,,,,,,,,,,,,
10/24/2022,19:30,10/24/2022,21:00,Training,,Main Field - Caven Point,,Caven Point,0,Event,JCPM37,,,,,,,,,,,,,,,,
10/31/2022,19:30,10/31/2022,21:00,Training,,Main Field - Caven Point,,Caven Point,0,Event,JCPM37,,,,,,,,,,,,,,,,
11/7/2022,19:30,11/7/2022,21:00,Training,,Main Field - Caven Point,,Caven Point,0,Event,JCPM37,,,,,,,,,,,,,,,,
11/14/22,19:30,11/14/22,21:00,Training,,Main Field - Caven Point,,Caven Point,0,Event,JCPM37,,,,,,,,,,,,,,,,
9/10/22,10:30,9/10/22,12:00,Training,,Main Field - Caven Point,,Caven Point,0,Event,JCPM38,,,,,,,,,,,,,,,,
9/19/2022,19:30,9/19/2022,21:00,Training,,Main Field - Caven Point,,Caven Point,0,Event,JCPM38,,,,,,,,,,,,,,,,
9/26/2022,19:30,9/26/2022,21:00,Training,,Main Field - Caven Point,,Caven Point,0,Event,JCPM38,,,,,,,,,,,,,,,,
10/3/2022,19:30,10/3/2022,21:00,Training,,Main Field - Caven Point,,Caven Point,0,Event,JCPM38,,,,,,,,,,,,,,,,
10/17/2022,19:30,10/17/2022,21:00,Training,,Main Field - Caven Point,,Caven Point,0,Event,JCPM38,,,,,,,,,,,,,,,,
10/24/2022,19:30,10/24/2022,21:00,Training,,Main Field - Caven Point,,Caven Point,0,Event,JCPM38,,,,,,,,,,,,,,,,
10/31/2022,19:30,10/31/2022,21:00,Training,,Main Field - Caven Point,,Caven Point,0,Event,JCPM38,,,,,,,,,,,,,,,,
11/7/2022,19:30,11/7/2022,21:00,Training,,Main Field - Caven Point,,Caven Point,0,Event,JCPM38,,,,,,,,,,,,,,,,
11/14/22,19:30,11/14/22,21:00,Training,,Main Field - Caven Point,,Caven Point,0,Event,JCPM38,,,,,,,,,,,,,,,,
9/10/22,10:30,9/10/22,12:00,Training,,Main Field - Caven Point,,Caven Point,0,Event,JCPM39,,,,,,,,,,,,,,,,
9/19/2022,19:30,9/19/2022,21:00,Training,,Main Field - Caven Point,,Caven Point,0,Event,JCPM39,,,,,,,,,,,,,,,,
9/26/2022,19:30,9/26/2022,21:00,Training,,Main Field - Caven Point,,Caven Point,0,Event,JCPM39,,,,,,,,,,,,,,,,
10/3/2022,19:30,10/3/2022,21:00,Training,,Main Field - Caven Point,,Caven Point,0,Event,JCPM39,,,,,,,,,,,,,,,,
10/17/2022,19:30,10/17/2022,21:00,Training,,Main Field - Caven Point,,Caven Point,0,Event,JCPM39,,,,,,,,,,,,,,,,
10/24/2022,19:30,10/24/2022,21:00,Training,,Main Field - Caven Point,,Caven Point,0,Event,JCPM39,,,,,,,,,,,,,,,,
10/31/2022,19:30,10/31/2022,21:00,Training,,Main Field - Caven Point,,Caven Point,0,Event,JCPM39,,,,,,,,,,,,,,,,
11/7/2022,19:30,11/7/2022,21:00,Training,,Main Field - Caven Point,,Caven Point,0,Event,JCPM39,,,,,,,,,,,,,,,,
11/14/22,19:30,11/14/22,21:00,Training,,Main Field - Caven Point,,Caven Point,0,Event,JCPM39,,,,,,,,,,,,,,,,
9/10/22,10:30,9/10/22,12:00,Training,,Main Field - Caven Point,,Caven Point,0,Event,JCPM40,,,,,,,,,,,,,,,,
9/19/2022,19:30,9/19/2022,21:00,Training,,Main Field - Caven Point,,Caven Point,0,Event,JCPM40,,,,,,,,,,,,,,,,
9/26/2022,19:30,9/26/2022,21:00,Training,,Main Field - Caven Point,,Caven Point,0,Event,JCPM40,,,,,,,,,,,,,,,,
10/3/2022,19:30,10/3/2022,21:00,Training,,Main Field - Caven Point,,Caven Point,0,Event,JCPM40,,,,,,,,,,,,,,,,
10/17/2022,19:30,10/17/2022,21:00,Training,,Main Field - Caven Point,,Caven Point,0,Event,JCPM40,,,,,,,,,,,,,,,,
10/24/2022,19:30,10/24/2022,21:00,Training,,Main Field - Caven Point,,Caven Point,0,Event,JCPM40,,,,,,,,,,,,,,,,
10/31/2022,19:30,10/31/2022,21:00,Training,,Main Field - Caven Point,,Caven Point,0,Event,JCPM40,,,,,,,,,,,,,,,,
11/7/2022,19:30,11/7/2022,21:00,Training,,Main Field - Caven Point,,Caven Point,0,Event,JCPM40,,,,,,,,,,,,,,,,
11/14/22,19:30,11/14/22,21:00,Training,,Main Field - Caven Point,,Caven Point,0,Event,JCPM40,,,,,,,,,,,,,,,,