,Start_Date,Start_Time,End_Date,End_Time,Title,Description,Location,Location_URL,Location_Details,All_Day_Event,Event_Type,Tags,Team1_ID,Team1_Division_ID,Team1_Is_Home,Team2_ID,Team2_Division_ID,Team2_Name,Custom_Opponent,Event_ID,Game_ID,Affects_Standings,Points_Win,Points_Loss,Points_Tie,Points_OT_Win,Points_OT_Loss,Division_Override
0,9/17/22,9:00,9/17/22,10:30,Training/Game,,Softball Outfield,,Caven Point,0,Game,,MCHKN-02-22,,1.0,MCHKN-09-22,,,,,,,,,,,,
1,9/17/22,9:00,9/17/22,10:30,Training/Game,,Softball Outfield,,Caven Point,0,Game,,MCHKN-01-22,,1.0,MCHKN-07-22,,,,,,,,,,,,
2,9/17/22,9:00,9/17/22,10:30,Training/Game,,Softball Outfield,,Caven Point,0,Game,,MCHKN-04-22,,1.0,MCHKN-08-22,,,,,,,,,,,,
3,9/17/22,9:00,9/17/22,10:30,Training/Game,,Softball Outfield,,Caven Point,0,Game,,MCHKN-01-22,,1.0,MCHKN-03-22,,,,,,,,,,,,
4,9/17/22,9:00,9/17/22,10:30,Training/Game,,Baseball Outfield,,Caven Point,0,Game,,MCHKN-06-22,,1.0,MCHKN-05-22,,,,,,,,,,,,
5,9/17/22,9:00,9/17/22,10:30,Training/Game,,Baseball Outfield,,Caven Point,0,Game,,MCHKN-01-22,,1.0,MCHKN-01-22,,,,,,,,,,,,
6,9/24/22,9:00,9/24/22,10:30,Training/Game,,Softball Outfield,,Caven Point,0,Game,,MCHKN-03-22,,1.0,MCHKN-01-22,,,,,,,,,,,,
7,9/24/22,9:00,9/24/22,10:30,Training/Game,,Softball Outfield,,Caven Point,0,Game,,MCHKN-05-22,,1.0,MCHKN-07-22,,,,,,,,,,,,
8,9/24/22,9:00,9/24/22,10:30,Training/Game,,Softball Outfield,,Caven Point,0,Game,,MCHKN-08-22,,1.0,MCHKN-01-22,,,,,,,,,,,,
9,9/24/22,9:00,9/24/22,10:30,Training/Game,,Softball Outfield,,Caven Point,0,Game,,MCHKN-09-22,,1.0,MCHKN-01-22,,,,,,,,,,,,
10,9/24/22,9:00,9/24/22,10:30,Training/Game,,Baseball Outfield,,Caven Point,0,Game,,MCHKN-01-22,,1.0,MCHKN-04-22,,,,,,,,,,,,
11,9/24/22,9:00,9/24/22,10:30,Training/Game,,Baseball Outfield,,Caven Point,0,Game,,MCHKN-02-22,,1.0,MCHKN-06-22,,,,,,,,,,,,
12,10/1/22,9:00,10/1/22,10:30,Training/Game,,Softball Outfield,,Caven Point,0,Game,,MCHKN-01-22,,1.0,MCHKN-03-22,,,,,,,,,,,,
13,10/1/22,9:00,10/1/22,10:30,Training/Game,,Softball Outfield,,Caven Point,0,Game,,MCHKN-04-22,,1.0,MCHKN-05-22,,,,,,,,,,,,
14,10/1/22,9:00,10/1/22,10:30,Training/Game,,Softball Outfield,,Caven Point,0,Game,,MCHKN-07-22,,1.0,MCHKN-02-22,,,,,,,,,,,,
15,10/1/22,9:00,10/1/22,10:30,Training/Game,,Softball Outfield,,Caven Point,0,Game,,MCHKN-01-22,,1.0,MCHKN-09-22,,,,,,,,,,,,
16,10/1/22,9:00,10/1/22,10:30,Training/Game,,Baseball Outfield,,Caven Point,0,Game,,MCHKN-01-22,,1.0,MCHKN-06-22,,,,,,,,,,,,
17,10/1/22,9:00,10/1/22,10:30,Training/Game,,Baseball Outfield,,Caven Point,0,Game,,MCHKN-08-22,,1.0,MCHKN-01-22,,,,,,,,,,,,
18,10/8/22,9:00,10/8/22,10:30,Training/Game,,Softball Outfield,,Caven Point,0,Game,,MCHKN-01-22,,1.0,MCHKN-07-22,,,,,,,,,,,,
19,10/8/22,9:00,10/8/22,10:30,Training/Game,,Softball Outfield,,Caven Point,0,Game,,MCHKN-05-22,,1.0,MCHKN-08-22,,,,,,,,,,,,
20,10/8/22,9:00,10/8/22,10:30,Training/Game,,Softball Outfield,,Caven Point,0,Game,,MCHKN-02-22,,1.0,MCHKN-04-22,,,,,,,,,,,,
21,10/8/22,9:00,10/8/22,10:30,Training/Game,,Softball Outfield,,Caven Point,0,Game,,MCHKN-09-22,,1.0,MCHKN-03-22,,,,,,,,,,,,
22,10/8/22,9:00,10/8/22,10:30,Training/Game,,Baseball Outfield,,Caven Point,0,Game,,MCHKN-01-22,,1.0,MCHKN-01-22,,,,,,,,,,,,
23,10/8/22,9:00,10/8/22,10:30,Training/Game,,Baseball Outfield,,Caven Point,0,Game,,MCHKN-01-22,,1.0,MCHKN-06-22,,,,,,,,,,,,
24,10/15/22,9:00,10/15/22,10:30,Training/Game,,Softball Outfield,,Caven Point,0,Game,,MCHKN-06-22,,1.0,MCHKN-03-22,,,,,,,,,,,,
25,10/15/22,9:00,10/15/22,10:30,Training/Game,,Softball Outfield,,Caven Point,0,Game,,MCHKN-04-22,,1.0,MCHKN-01-22,,,,,,,,,,,,
26,10/15/22,9:00,10/15/22,10:30,Training/Game,,Softball Outfield,,Caven Point,0,Game,,MCHKN-01-22,,1.0,MCHKN-09-22,,,,,,,,,,,,
27,10/15/22,9:00,10/15/22,10:30,Training/Game,,Softball Outfield,,Caven Point,0,Game,,MCHKN-01-22,,1.0,MCHKN-05-22,,,,,,,,,,,,
28,10/15/22,9:00,10/15/22,10:30,Training/Game,,Baseball Outfield,,Caven Point,0,Game,,MCHKN-07-22,,1.0,MCHKN-01-22,,,,,,,,,,,,
29,10/15/22,9:00,10/15/22,10:30,Training/Game,,Baseball Outfield,,Caven Point,0,Game,,MCHKN-08-22,,1.0,MCHKN-02-22,,,,,,,,,,,,
30,10/22/22,9:00,10/22/22,10:30,Training/Game,,Softball Outfield,,Caven Point,0,Game,,MCHKN-03-22,,1.0,MCHKN-07-22,,,,,,,,,,,,
31,10/22/22,9:00,10/22/22,10:30,Training/Game,,Softball Outfield,,Caven Point,0,Game,,MCHKN-01-22,,1.0,MCHKN-04-22,,,,,,,,,,,,
32,10/22/22,9:00,10/22/22,10:30,Training/Game,,Softball Outfield,,Caven Point,0,Game,,MCHKN-02-22,,1.0,MCHKN-01-22,,,,,,,,,,,,
33,10/22/22,9:00,10/22/22,10:30,Training/Game,,Softball Outfield,,Caven Point,0,Game,,MCHKN-09-22,,1.0,MCHKN-06-22,,,,,,,,,,,,
34,10/22/22,9:00,10/22/22,10:30,Training/Game,,Baseball Outfield,,Caven Point,0,Game,,MCHKN-05-22,,1.0,MCHKN-01-22,,,,,,,,,,,,
35,10/22/22,9:00,10/22/22,10:30,Training/Game,,Baseball Outfield,,Caven Point,0,Game,,MCHKN-01-22,,1.0,MCHKN-08-22,,,,,,,,,,,,
36,10/29/22,9:00,10/29/22,10:30,Training/Game,,Softball Outfield,,Caven Point,0,Game,,MCHKN-06-22,,1.0,MCHKN-01-22,,,,,,,,,,,,
37,10/29/22,9:00,10/29/22,10:30,Training/Game,,Softball Outfield,,Caven Point,0,Game,,MCHKN-07-22,,1.0,MCHKN-09-22,,,,,,,,,,,,
38,10/29/22,9:00,10/29/22,10:30,Training/Game,,Softball Outfield,,Caven Point,0,Game,,MCHKN-08-22,,1.0,MCHKN-01-22,,,,,,,,,,,,
39,10/29/22,9:00,10/29/22,10:30,Training/Game,,Softball Outfield,,Caven Point,0,Game,,MCHKN-04-22,,1.0,MCHKN-03-22,,,,,,,,,,,,
40,10/29/22,9:00,10/29/22,10:30,Training/Game,,Baseball Outfield,,Caven Point,0,Game,,MCHKN-05-22,,1.0,MCHKN-02-22,,,,,,,,,,,,
41,10/29/22,9:00,10/29/22,10:30,Training/Game,,Baseball Outfield,,Caven Point,0,Game,,MCHKN-01-22,,1.0,MCHKN-01-22,,,,,,,,,,,,
42,11/5/22,9:00,11/5/22,10:30,Training/Game,,Softball Outfield,,Caven Point,0,Game,,MCHKN-01-22,,1.0,MCHKN-05-22,,,,,,,,,,,,
43,11/5/22,9:00,11/5/22,10:30,Training/Game,,Softball Outfield,,Caven Point,0,Game,,MCHKN-09-22,,1.0,MCHKN-04-22,,,,,,,,,,,,
44,11/5/22,9:00,11/5/22,10:30,Training/Game,,Softball Outfield,,Caven Point,0,Game,,MCHKN-03-22,,1.0,MCHKN-08-22,,,,,,,,,,,,
45,11/5/22,9:00,11/5/22,10:30,Training/Game,,Softball Outfield,,Caven Point,0,Game,,MCHKN-01-22,,1.0,MCHKN-02-22,,,,,,,,,,,,
46,11/5/22,9:00,11/5/22,10:30,Training/Game,,Baseball Outfield,,Caven Point,0,Game,,MCHKN-01-22,,1.0,MCHKN-01-22,,,,,,,,,,,,
47,11/5/22,9:00,11/5/22,10:30,Training/Game,,Baseball Outfield,,Caven Point,0,Game,,MCHKN-06-22,,1.0,MCHKN-07-22,,,,,,,,,,,,
48,11/12/22,9:00,11/12/22,10:30,Training/Game,,Softball Outfield,,Caven Point,0,Game,,MCHKN-04-22,,1.0,MCHKN-06-22,,,,,,,,,,,,
49,11/12/22,9:00,11/12/22,10:30,Training/Game,,Softball Outfield,,Caven Point,0,Game,,MCHKN-02-22,,1.0,MCHKN-01-22,,,,,,,,,,,,
50,11/12/22,9:00,11/12/22,10:30,Training/Game,,Softball Outfield,,Caven Point,0,Game,,MCHKN-08-22,,1.0,MCHKN-09-22,,,,,,,,,,,,
51,11/12/22,9:00,11/12/22,10:30,Training/Game,,Softball Outfield,,Caven Point,0,Game,,MCHKN-05-22,,1.0,MCHKN-01-22,,,,,,,,,,,,
52,11/12/22,9:00,11/12/22,10:30,Training/Game,,Baseball Outfield,,Caven Point,0,Game,,MCHKN-03-22,,1.0,MCHKN-01-22,,,,,,,,,,,,
53,11/12/22,9:00,11/12/22,10:30,Training/Game,,Baseball Outfield,,Caven Point,0,Game,,MCHKN-07-22,,1.0,MCHKN-01-22,,,,,,,,,,,,
54,11/19/22,9:00,11/19/22,10:30,Training/Game,,Softball Outfield,,Caven Point,0,Game,,MCHKN-07-22,,1.0,MCHKN-04-22,,,,,,,,,,,,
55,11/19/22,9:00,11/19/22,10:30,Training/Game,,Softball Outfield,,Caven Point,0,Game,,MCHKN-03-22,,1.0,MCHKN-05-22,,,,,,,,,,,,
56,11/19/22,9:00,11/19/22,10:30,Training/Game,,Softball Outfield,,Caven Point,0,Game,,MCHKN-01-22,,1.0,MCHKN-01-22,,,,,,,,,,,,
57,11/19/22,9:00,11/19/22,10:30,Training/Game,,Softball Outfield,,Caven Point,0,Game,,MCHKN-01-22,,1.0,MCHKN-02-22,,,,,,,,,,,,
58,11/19/22,9:00,11/19/22,10:30,Training/Game,,Baseball Outfield,,Caven Point,0,Game,,MCHKN-06-22,,1.0,MCHKN-08-22,,,,,,,,,,,,
59,11/19/22,9:00,11/19/22,10:30,Training/Game,,Baseball Outfield,,Caven Point,0,Game,,MCHKN-09-22,,1.0,MCHKN-01-22,,,,,,,,,,,,
60,9/17/22,8:30,9/17/22,9:30,Game,,Front - Caven Point,,Caven Point,0,Game,,JCSS-01-22,,1.0,JCSS-01-22,,,,,,,,,,,,
61,9/17/22,8:30,9/17/22,9:30,Game,,Rear- Caven Point,,Caven Point,0,Game,,JCSS-02-22,,1.0,JCSS-02-22,,,,,,,,,,,,
62,9/17/22,9:30,9/17/22,10:30,Game,,Front - Caven Point,,Caven Point,0,Game,,JCSS-01-22,,1.0,JCSS-01-22,,,,,,,,,,,,
63,9/17/22,9:30,9/17/22,10:30,Game,,Rear- Caven Point,,Caven Point,0,Game,,JCSS-01-22,,1.0,JCSS-01-22,,,,,,,,,,,,
64,9/17/22,10:30,9/17/22,11:30,Game,,Front - Caven Point,,Caven Point,0,Game,,JCSS-01-22,,1.0,JCSS-02-22,,,,,,,,,,,,
65,9/24/22,8:30,9/24/22,9:30,Game,,Front - Caven Point,,Caven Point,0,Game,,JCSS-01-22,,1.0,JCSS-02-22,,,,,,,,,,,,
66,9/24/22,8:30,9/24/22,9:30,Game,,Rear- Caven Point,,Caven Point,0,Game,,JCSS-01-22,,1.0,JCSS-01-22,,,,,,,,,,,,
67,9/24/22,9:30,9/24/22,10:30,Game,,Front - Caven Point,,Caven Point,0,Game,,JCSS-02-22,,1.0,JCSS-01-22,,,,,,,,,,,,
68,9/24/22,9:30,9/24/22,10:30,Game,,Rear- Caven Point,,Caven Point,0,Game,,JCSS-01-22,,1.0,JCSS-02-22,,,,,,,,,,,,
69,9/24/22,10:30,9/24/22,11:30,Game,,Front - Caven Point,,Caven Point,0,Game,,JCSS-01-22,,1.0,JCSS-01-22,,,,,,,,,,,,
70,10/1/22,8:30,10/1/22,9:30,Game,,Front - Caven Point,,Caven Point,0,Game,,JCSS-02-22,,1.0,JCSS-01-22,,,,,,,,,,,,
71,10/1/22,8:30,10/1/22,9:30,Game,,Rear- Caven Point,,Caven Point,0,Game,,JCSS-01-22,,1.0,JCSS-01-22,,,,,,,,,,,,
72,10/1/22,9:30,10/1/22,10:30,Game,,Front - Caven Point,,Caven Point,0,Game,,JCSS-02-22,,1.0,JCSS-01-22,,,,,,,,,,,,
73,10/1/22,9:30,10/1/22,10:30,Game,,Rear- Caven Point,,Caven Point,0,Game,,JCSS-01-22,,1.0,JCSS-01-22,,,,,,,,,,,,
74,10/1/22,10:30,10/1/22,11:30,Game,,Front - Caven Point,,Caven Point,0,Game,,JCSS-02-22,,1.0,JCSS-01-22,,,,,,,,,,,,
75,10/8/22,8:30,10/8/22,9:30,Game,,Front - Caven Point,,Caven Point,0,Game,,JCSS-02-22,,1.0,JCSS-01-22,,,,,,,,,,,,
76,10/8/22,8:30,10/8/22,9:30,Game,,Rear- Caven Point,,Caven Point,0,Game,,JCSS-01-22,,1.0,JCSS-01-22,,,,,,,,,,,,
77,10/8/22,9:30,10/8/22,10:30,Game,,Front - Caven Point,,Caven Point,0,Game,,JCSS-01-22,,1.0,JCSS-02-22,,,,,,,,,,,,
78,10/8/22,9:30,10/8/22,10:30,Game,,Rear- Caven Point,,Caven Point,0,Game,,JCSS-01-22,,1.0,JCSS-02-22,,,,,,,,,,,,
79,10/8/22,10:30,10/8/22,11:30,Game,,Front - Caven Point,,Caven Point,0,Game,,JCSS-01-22,,1.0,JCSS-01-22,,,,,,,,,,,,
80,10/15/22,8:30,10/15/22,9:30,Game,,Front - Caven Point,,Caven Point,0,Game,,JCSS-01-22,,1.0,JCSS-01-22,,,,,,,,,,,,
81,10/15/22,8:30,10/15/22,9:30,Game,,Rear- Caven Point,,Caven Point,0,Game,,JCSS-02-22,,1.0,JCSS-02-22,,,,,,,,,,,,
82,10/15/22,9:30,10/15/22,10:30,Game,,Front - Caven Point,,Caven Point,0,Game,,JCSS-01-22,,1.0,JCSS-01-22,,,,,,,,,,,,
83,10/15/22,9:30,10/15/22,10:30,Game,,Rear- Caven Point,,Caven Point,0,Game,,JCSS-01-22,,1.0,JCSS-02-22,,,,,,,,,,,,
84,10/15/22,10:30,10/15/22,11:30,Game,,Front - Caven Point,,Caven Point,0,Game,,JCSS-01-22,,1.0,JCSS-01-22,,,,,,,,,,,,
85,10/22/22,8:30,10/22/22,9:30,Game,,Front - Caven Point,,Caven Point,0,Game,,JCSS-02-22,,1.0,JCSS-01-22,,,,,,,,,,,,
86,10/22/22,8:30,10/22/22,9:30,Game,,Rear- Caven Point,,Caven Point,0,Game,,JCSS-01-22,,1.0,JCSS-01-22,,,,,,,,,,,,
87,10/22/22,9:30,10/22/22,10:30,Game,,Front - Caven Point,,Caven Point,0,Game,,JCSS-01-22,,1.0,JCSS-01-22,,,,,,,,,,,,
88,10/22/22,9:30,10/22/22,10:30,Game,,Rear- Caven Point,,Caven Point,0,Game,,JCSS-01-22,,1.0,JCSS-01-22,,,,,,,,,,,,
89,10/22/22,10:30,10/22/22,11:30,Game,,Front - Caven Point,,Caven Point,0,Game,,JCSS-02-22,,1.0,JCSS-02-22,,,,,,,,,,,,
90,10/29/22,8:30,10/29/22,9:30,Game,,Front - Caven Point,,Caven Point,0,Game,,JCSS-01-22,,1.0,JCSS-02-22,,,,,,,,,,,,
91,10/29/22,8:30,10/29/22,9:30,Game,,Rear- Caven Point,,Caven Point,0,Game,,JCSS-02-22,,1.0,JCSS-01-22,,,,,,,,,,,,
92,10/29/22,9:30,10/29/22,10:30,Game,,Front - Caven Point,,Caven Point,0,Game,,JCSS-01-22,,1.0,JCSS-02-22,,,,,,,,,,,,
93,10/29/22,9:30,10/29/22,10:30,Game,,Rear- Caven Point,,Caven Point,0,Game,,JCSS-01-22,,1.0,JCSS-01-22,,,,,,,,,,,,
94,10/29/22,10:30,10/29/22,11:30,Game,,Front - Caven Point,,Caven Point,0,Game,,JCSS-01-22,,1.0,JCSS-01-22,,,,,,,,,,,,
95,11/5/22,8:30,11/5/22,9:30,Game,,Front - Caven Point,,Caven Point,0,Game,,JCSS-02-22,,1.0,JCSS-01-22,,,,,,,,,,,,
96,11/5/22,8:30,11/5/22,9:30,Game,,Rear- Caven Point,,Caven Point,0,Game,,JCSS-01-22,,1.0,JCSS-02-22,,,,,,,,,,,,
97,11/5/22,9:30,11/5/22,10:30,Game,,Front - Caven Point,,Caven Point,0,Game,,JCSS-02-22,,1.0,JCSS-01-22,,,,,,,,,,,,
98,11/5/22,9:30,11/5/22,10:30,Game,,Rear- Caven Point,,Caven Point,0,Game,,JCSS-01-22,,1.0,JCSS-01-22,,,,,,,,,,,,
99,11/5/22,10:30,11/5/22,11:30,Game,,Front - Caven Point,,Caven Point,0,Game,,JCSS-01-22,,1.0,JCSS-01-22,,,,,,,,,,,,
100,11/12/22,8:30,11/12/22,9:30,Game,,Front - Caven Point,,Caven Point,0,Game,,JCSS-01-22,,1.0,JCSS-02-22,,,,,,,,,,,,
101,11/12/22,8:30,11/12/22,9:30,Game,,Rear- Caven Point,,Caven Point,0,Game,,JCSS-01-22,,1.0,JCSS-01-22,,,,,,,,,,,,
102,11/12/22,9:30,11/12/22,10:30,Game,,Front - Caven Point,,Caven Point,0,Game,,JCSS-01-22,,1.0,JCSS-02-22,,,,,,,,,,,,
103,11/12/22,9:30,11/12/22,10:30,Game,,Rear- Caven Point,,Caven Point,0,Game,,JCSS-02-22,,1.0,JCSS-01-22,,,,,,,,,,,,
104,11/12/22,10:30,11/12/22,11:30,Game,,Front - Caven Point,,Caven Point,0,Game,,JCSS-01-22,,1.0,JCSS-01-22,,,,,,,,,,,,
105,11/19/22,8:30,11/19/22,9:30,Game,,Front - Caven Point,,Caven Point,0,Game,,JCSS-02-22,,1.0,JCSS-01-22,,,,,,,,,,,,
106,11/19/22,8:30,11/19/22,9:30,Game,,Rear- Caven Point,,Caven Point,0,Game,,JCSS-01-22,,1.0,JCSS-01-22,,,,,,,,,,,,
107,11/19/22,9:30,11/19/22,10:30,Game,,Front - Caven Point,,Caven Point,0,Game,,JCSS-02-22,,1.0,JCSS-02-22,,,,,,,,,,,,
108,11/19/22,9:30,11/19/22,10:30,Game,,Rear- Caven Point,,Caven Point,0,Game,,JCSS-01-22,,1.0,JCSS-01-22,,,,,,,,,,,,
109,11/19/22,10:30,11/19/22,11:30,Game,,Front - Caven Point,,Caven Point,0,Game,,JCSS-01-22,,1.0,JCSS-01-22,,,,,,,,,,,,
110,9/17/22,8:00,9/17/22,9:00,Game,,Berry Lane Soccer Pitch,,Berry Lane Park,0,Game,,JCJRS-03-22,,1.0,JCJRS-02-22,,,,,,,,,,,,
111,9/17/22,9:00,9/17/22,10:00,Game,,Berry Lane Soccer Pitch,,Berry Lane Park,0,Game,,JCJRS-02-22,,1.0,JCJRS-02-22,,,,,,,,,,,,
112,9/17/22,10:00,9/17/22,11:00,Game,,Berry Lane Soccer Pitch,,Berry Lane Park,0,Game,,JCJRS-02-22,,1.0,JCJRS-02-22,,,,,,,,,,,,
113,9/17/22,11:00,9/17/22,12:00,Game,,Berry Lane Soccer Pitch,,Berry Lane Park,0,Game,,JCJRS-02-22,,1.0,JCJRS-02-22,,,,,,,,,,,,
114,9/24/22,8:00,9/24/22,9:00,Game,,Berry Lane Soccer Pitch,,Berry Lane Park,0,Game,,JCJRS-02-22,,1.0,JCJRS-02-22,,,,,,,,,,,,
115,9/24/22,9:00,9/24/22,10:00,Game,,Berry Lane Soccer Pitch,,Berry Lane Park,0,Game,,JCJRS-02-22,,1.0,JCJRS-02-22,,,,,,,,,,,,
116,9/24/22,10:00,9/24/22,11:00,Game,,Berry Lane Soccer Pitch,,Berry Lane Park,0,Game,,JCJRS-03-22,,1.0,JCJRS-02-22,,,,,,,,,,,,
117,9/24/22,11:00,9/24/22,12:00,Game,,Berry Lane Soccer Pitch,,Berry Lane Park,0,Game,,JCJRS-02-22,,1.0,JCJRS-02-22,,,,,,,,,,,,
118,10/1/22,8:00,10/1/22,9:00,Game,,Berry Lane Soccer Pitch,,Berry Lane Park,0,Game,,JCJRS-02-22,,1.0,JCJRS-02-22,,,,,,,,,,,,
119,10/1/22,9:00,10/1/22,10:00,Game,,Berry Lane Soccer Pitch,,Berry Lane Park,0,Game,,JCJRS-03-22,,1.0,JCJRS-02-22,,,,,,,,,,,,
120,10/1/22,10:00,10/1/22,11:00,Game,,Berry Lane Soccer Pitch,,Berry Lane Park,0,Game,,JCJRS-02-22,,1.0,JCJRS-02-22,,,,,,,,,,,,
121,10/1/22,11:00,10/1/22,12:00,Game,,Berry Lane Soccer Pitch,,Berry Lane Park,0,Game,,JCJRS-02-22,,1.0,JCJRS-02-22,,,,,,,,,,,,
122,10/8/22,8:00,10/8/22,9:00,Game,,Berry Lane Soccer Pitch,,Berry Lane Park,0,Game,,JCJRS-02-22,,1.0,JCJRS-02-22,,,,,,,,,,,,
123,10/8/22,9:00,10/8/22,10:00,Game,,Berry Lane Soccer Pitch,,Berry Lane Park,0,Game,,JCJRS-02-22,,1.0,JCJRS-03-22,,,,,,,,,,,,
124,10/8/22,10:00,10/8/22,11:00,Game,,Berry Lane Soccer Pitch,,Berry Lane Park,0,Game,,JCJRS-02-22,,1.0,JCJRS-02-22,,,,,,,,,,,,
125,10/8/22,11:00,10/8/22,12:00,Game,,Berry Lane Soccer Pitch,,Berry Lane Park,0,Game,,JCJRS-02-22,,1.0,JCJRS-02-22,,,,,,,,,,,,
126,10/15/22,8:00,10/15/22,9:00,Game,,Berry Lane Soccer Pitch,,Berry Lane Park,0,Game,,JCJRS-02-22,,1.0,JCJRS-02-22,,,,,,,,,,,,
127,10/15/22,9:00,10/15/22,10:00,Game,,Berry Lane Soccer Pitch,,Berry Lane Park,0,Game,,JCJRS-02-22,,1.0,JCJRS-02-22,,,,,,,,,,,,
128,10/15/22,10:00,10/15/22,11:00,Game,,Berry Lane Soccer Pitch,,Berry Lane Park,0,Game,,JCJRS-03-22,,1.0,JCJRS-02-22,,,,,,,,,,,,
129,10/15/22,11:00,10/15/22,12:00,Game,,Berry Lane Soccer Pitch,,Berry Lane Park,0,Game,,JCJRS-02-22,,1.0,JCJRS-02-22,,,,,,,,,,,,
130,10/22/22,8:00,10/22/22,9:00,Game,,Berry Lane Soccer Pitch,,Berry Lane Park,0,Game,,JCJRS-02-22,,1.0,JCJRS-02-22,,,,,,,,,,,,
131,10/22/22,9:00,10/22/22,10:00,Game,,Berry Lane Soccer Pitch,,Berry Lane Park,0,Game,,JCJRS-02-22,,1.0,JCJRS-02-22,,,,,,,,,,,,
132,10/22/22,10:00,10/22/22,11:00,Game,,Berry Lane Soccer Pitch,,Berry Lane Park,0,Game,,JCJRS-02-22,,1.0,JCJRS-03-22,,,,,,,,,,,,
133,10/22/22,11:00,10/22/22,12:00,Game,,Berry Lane Soccer Pitch,,Berry Lane Park,0,Game,,JCJRS-02-22,,1.0,JCJRS-02-22,,,,,,,,,,,,
134,10/29/22,8:00,10/29/22,9:00,Game,,Berry Lane Soccer Pitch,,Berry Lane Park,0,Game,,JCJRS-02-22,,1.0,JCJRS-03-22,,,,,,,,,,,,
135,10/29/22,9:00,10/29/22,10:00,Game,,Berry Lane Soccer Pitch,,Berry Lane Park,0,Game,,JCJRS-02-22,,1.0,JCJRS-02-22,,,,,,,,,,,,
136,10/29/22,10:00,10/29/22,11:00,Game,,Berry Lane Soccer Pitch,,Berry Lane Park,0,Game,,JCJRS-02-22,,1.0,JCJRS-02-22,,,,,,,,,,,,
137,10/29/22,11:00,10/29/22,12:00,Game,,Berry Lane Soccer Pitch,,Berry Lane Park,0,Game,,JCJRS-02-22,,1.0,JCJRS-02-22,,,,,,,,,,,,
138,11/5/22,8:00,11/5/22,9:00,Game,,Berry Lane Soccer Pitch,,Berry Lane Park,0,Game,,JCJRS-02-22,,1.0,JCJRS-02-22,,,,,,,,,,,,
139,11/5/22,9:00,11/5/22,10:00,Game,,Berry Lane Soccer Pitch,,Berry Lane Park,0,Game,,JCJRS-02-22,,1.0,JCJRS-02-22,,,,,,,,,,,,
140,11/5/22,10:00,11/5/22,11:00,Game,,Berry Lane Soccer Pitch,,Berry Lane Park,0,Game,,JCJRS-03-22,,1.0,JCJRS-02-22,,,,,,,,,,,,
141,11/5/22,11:00,11/5/22,12:00,Game,,Berry Lane Soccer Pitch,,Berry Lane Park,0,Game,,JCJRS-02-22,,1.0,JCJRS-02-22,,,,,,,,,,,,
142,11/12/22,8:00,11/12/22,9:00,Game,,Berry Lane Soccer Pitch,,Berry Lane Park,0,Game,,JCJRS-02-22,,1.0,JCJRS-02-22,,,,,,,,,,,,
143,11/12/22,9:00,11/12/22,10:00,Game,,Berry Lane Soccer Pitch,,Berry Lane Park,0,Game,,JCJRS-02-22,,1.0,JCJRS-02-22,,,,,,,,,,,,
144,11/12/22,10:00,11/12/22,11:00,Game,,Berry Lane Soccer Pitch,,Berry Lane Park,0,Game,,JCJRS-02-22,,1.0,JCJRS-03-22,,,,,,,,,,,,
145,11/12/22,11:00,11/12/22,12:00,Game,,Berry Lane Soccer Pitch,,Berry Lane Park,0,Game,,JCJRS-02-22,,1.0,JCJRS-02-22,,,,,,,,,,,,
146,11/19/22,8:00,11/19/22,9:00,Game,,Berry Lane Soccer Pitch,,Berry Lane Park,0,Game,,JCJRS-02-22,,1.0,JCJRS-02-22,,,,,,,,,,,,
147,11/19/22,9:00,11/19/22,10:00,Game,,Berry Lane Soccer Pitch,,Berry Lane Park,0,Game,,JCJRS-02-22,,1.0,JCJRS-02-22,,,,,,,,,,,,
148,11/19/22,10:00,11/19/22,11:00,Game,,Berry Lane Soccer Pitch,,Berry Lane Park,0,Game,,JCJRS-02-22,,1.0,JCJRS-02-22,,,,,,,,,,,,
149,11/19/22,11:00,11/19/22,12:00,Game,,Berry Lane Soccer Pitch,,Berry Lane Park,0,Game,,JCJRS-02-22,,1.0,JCJRS-03-22,,,,,,,,,,,,
150,9/17/22,8:30,9/17/22,9:40,Game,,Gateway Field,,23 Merseles Street,0,Game,,JCCH-03-22,,1.0,JCCH-03-22,,,,,,,,,,,,
151,9/17/22,9:40,9/17/22,10:50,Game,,Gateway Field,,23 Merseles Street,0,Game,,JCCH-03-22,,1.0,JCCH-03-22,,,,,,,,,,,,
152,9/17/22,10:50,9/17/22,12:00,Game,,Gateway Field,,23 Merseles Street,0,Game,,JCCH-03-22,,1.0,JCCH-03-22,,,,,,,,,,,,
153,9/24/22,8:30,9/24/22,9:40,Game,,Gateway Field,,23 Merseles Street,0,Game,,JCCH-03-22,,1.0,JCCH-03-22,,,,,,,,,,,,
154,9/24/22,9:40,9/24/22,10:50,Game,,Gateway Field,,23 Merseles Street,0,Game,,JCCH-03-22,,1.0,JCCH-03-22,,,,,,,,,,,,
155,9/24/22,10:50,9/24/22,12:00,Game,,Gateway Field,,23 Merseles Street,0,Game,,JCCH-03-22,,1.0,JCCH-03-22,,,,,,,,,,,,
156,10/1/22,8:30,10/1/22,9:40,Game,,Gateway Field,,23 Merseles Street,0,Game,,JCCH-03-22,,1.0,JCCH-03-22,,,,,,,,,,,,
157,10/1/22,9:40,10/1/22,10:50,Game,,Gateway Field,,23 Merseles Street,0,Game,,JCCH-03-22,,1.0,JCCH-03-22,,,,,,,,,,,,
158,10/1/22,10:50,10/1/22,12:00,Game,,Gateway Field,,23 Merseles Street,0,Game,,JCCH-03-22,,1.0,JCCH-03-22,,,,,,,,,,,,
159,10/8/22,8:30,10/8/22,9:40,Game,,Gateway Field,,23 Merseles Street,0,Game,,JCCH-03-22,,1.0,JCCH-03-22,,,,,,,,,,,,
160,10/8/22,9:40,10/8/22,10:50,Game,,Gateway Field,,23 Merseles Street,0,Game,,JCCH-03-22,,1.0,JCCH-03-22,,,,,,,,,,,,
161,10/8/22,10:50,10/8/22,12:00,Game,,Gateway Field,,23 Merseles Street,0,Game,,JCCH-03-22,,1.0,JCCH-03-22,,,,,,,,,,,,
162,10/15/22,8:30,10/15/22,9:40,Game,,Gateway Field,,23 Merseles Street,0,Game,,JCCH-03-22,,1.0,JCCH-03-22,,,,,,,,,,,,
163,10/15/22,9:40,10/15/22,10:50,Game,,Gateway Field,,23 Merseles Street,0,Game,,JCCH-03-22,,1.0,JCCH-03-22,,,,,,,,,,,,
164,10/15/22,10:50,10/15/22,12:00,Game,,Gateway Field,,23 Merseles Street,0,Game,,JCCH-03-22,,1.0,JCCH-03-22,,,,,,,,,,,,
165,10/22/22,8:30,10/22/22,9:40,Game,,Gateway Field,,23 Merseles Street,0,Game,,JCCH-03-22,,1.0,JCCH-03-22,,,,,,,,,,,,
166,10/22/22,9:40,10/22/22,10:50,Game,,Gateway Field,,23 Merseles Street,0,Game,,JCCH-03-22,,1.0,JCCH-03-22,,,,,,,,,,,,
167,10/22/22,10:50,10/22/22,12:00,Game,,Gateway Field,,23 Merseles Street,0,Game,,JCCH-03-22,,1.0,JCCH-03-22,,,,,,,,,,,,
168,10/29/22,8:30,10/29/22,9:40,Game,,Gateway Field,,23 Merseles Street,0,Game,,JCCH-03-22,,1.0,JCCH-03-22,,,,,,,,,,,,
169,10/29/22,9:40,10/29/22,10:50,Game,,Gateway Field,,23 Merseles Street,0,Game,,JCCH-03-22,,1.0,JCCH-03-22,,,,,,,,,,,,
170,10/29/22,10:50,10/29/22,12:00,Game,,Gateway Field,,23 Merseles Street,0,Game,,JCCH-03-22,,1.0,JCCH-03-22,,,,,,,,,,,,
171,11/5/22,8:30,11/5/22,9:40,Game,,Gateway Field,,23 Merseles Street,0,Game,,JCCH-03-22,,1.0,JCCH-03-22,,,,,,,,,,,,
172,11/5/22,9:40,11/5/22,10:50,Game,,Gateway Field,,23 Merseles Street,0,Game,,JCCH-03-22,,1.0,JCCH-03-22,,,,,,,,,,,,
173,11/5/22,10:50,11/5/22,12:00,Game,,Gateway Field,,23 Merseles Street,0,Game,,JCCH-03-22,,1.0,JCCH-03-22,,,,,,,,,,,,
174,11/12/22,8:30,11/12/22,9:40,Game,,Gateway Field,,23 Merseles Street,0,Game,,JCCH-03-22,,1.0,JCCH-03-22,,,,,,,,,,,,
175,11/12/22,9:40,11/12/22,10:50,Game,,Gateway Field,,23 Merseles Street,0,Game,,JCCH-03-22,,1.0,JCCH-03-22,,,,,,,,,,,,
176,11/12/22,10:50,11/12/22,12:00,Game,,Gateway Field,,23 Merseles Street,0,Game,,JCCH-03-22,,1.0,JCCH-03-22,,,,,,,,,,,,
177,11/19/22,8:30,11/19/22,9:40,Game,,Gateway Field,,23 Merseles Street,0,Game,,JCCH-03-22,,1.0,JCCH-03-22,,,,,,,,,,,,
178,11/19/22,9:40,11/19/22,10:50,Game,,Gateway Field,,23 Merseles Street,0,Game,,JCCH-03-22,,1.0,JCCH-03-22,,,,,,,,,,,,
179,11/19/22,10:50,11/19/22,12:00,Game,,Gateway Field,,23 Merseles Street,0,Game,,JCCH-03-22,,1.0,JCCH-03-22,,,,,,,,,,,,
180,9/17/22,13:30,9/17/22,14:30,Game,,Front - Caven Point,,Caven Point,0,Game,,JCPM-03-22,,1.0,JCPM-04-22,,,,,,,,,,,,
181,9/17/22,13:30,9/17/22,14:30,Game,,Rear- Caven Point,,Caven Point,0,Game,,JCPM-03-22,,1.0,JCPM-03-22,,,,,,,,,,,,
182,9/24/22,13:30,9/24/22,14:30,Game,,Front - Caven Point,,Caven Point,0,Game,,JCPM-03-22,,1.0,JCPM-03-22,,,,,,,,,,,,
183,9/24/22,13:30,9/24/22,14:30,Game,,Rear- Caven Point,,Caven Point,0,Game,,JCPM-04-22,,1.0,JCPM-03-22,,,,,,,,,,,,
184,10/1/22,13:30,10/1/22,14:30,Game,,Front - Caven Point,,Caven Point,0,Game,,JCPM-03-22,,1.0,JCPM-04-22,,,,,,,,,,,,
185,10/1/22,13:30,10/1/22,14:30,Game,,Rear- Caven Point,,Caven Point,0,Game,,JCPM-03-22,,1.0,JCPM-03-22,,,,,,,,,,,,
186,10/8/22,13:30,10/8/22,14:30,Game,,Front - Caven Point,,Caven Point,0,Game,,JCPM-04-22,,1.0,JCPM-03-22,,,,,,,,,,,,
187,10/8/22,13:30,10/8/22,14:30,Game,,Rear- Caven Point,,Caven Point,0,Game,,JCPM-03-22,,1.0,JCPM-03-22,,,,,,,,,,,,
188,10/15/22,13:30,10/15/22,14:30,Game,,Front - Caven Point,,Caven Point,0,Game,,JCPM-03-22,,1.0,JCPM-03-22,,,,,,,,,,,,
189,10/15/22,13:30,10/15/22,14:30,Game,,Rear- Caven Point,,Caven Point,0,Game,,JCPM-03-22,,1.0,JCPM-04-22,,,,,,,,,,,,
190,10/22/22,13:30,10/22/22,14:30,Game,,Front - Caven Point,,Caven Point,0,Game,,JCPM-04-22,,1.0,JCPM-03-22,,,,,,,,,,,,
191,10/22/22,13:30,10/22/22,14:30,Game,,Rear- Caven Point,,Caven Point,0,Game,,JCPM-03-22,,1.0,JCPM-03-22,,,,,,,,,,,,
192,10/29/22,13:30,10/29/22,14:30,Game,,Front - Caven Point,,Caven Point,0,Game,,JCPM-03-22,,1.0,JCPM-04-22,,,,,,,,,,,,
193,10/29/22,13:30,10/29/22,14:30,Game,,Rear- Caven Point,,Caven Point,0,Game,,JCPM-03-22,,1.0,JCPM-03-22,,,,,,,,,,,,
194,11/5/22,13:30,11/5/22,14:30,Game,,Front - Caven Point,,Caven Point,0,Game,,JCPM-03-22,,1.0,JCPM-03-22,,,,,,,,,,,,
195,11/5/22,13:30,11/5/22,14:30,Game,,Rear- Caven Point,,Caven Point,0,Game,,JCPM-04-22,,1.0,JCPM-03-22,,,,,,,,,,,,
196,11/12/22,13:30,11/12/22,14:30,Game,,Front - Caven Point,,Caven Point,0,Game,,JCPM-03-22,,1.0,JCPM-04-22,,,,,,,,,,,,
197,11/12/22,13:30,11/12/22,14:30,Game,,Rear- Caven Point,,Caven Point,0,Game,,JCPM-03-22,,1.0,JCPM-03-22,,,,,,,,,,,,
198,11/19/22,13:30,11/19/22,14:30,Game,,Front - Caven Point,,Caven Point,0,Game,,JCPM-03-22,,1.0,JCPM-04-22,,,,,,,,,,,,
199,11/19/22,13:30,11/19/22,14:30,Game,,Rear- Caven Point,,Caven Point,0,Game,,JCPM-03-22,,1.0,JCPM-03-22,,,,,,,,,,,,
200,9/14/2022,18:00,9/14/2022,19:30,Training,,Gateway Field,,23 Merseles Street,0,Event,JCCH-03-22,,,0.0,,,,,,,,,,,,,
201,9/21/2022,18:00,9/21/2022,19:30,Training,,Gateway Field,,24 Merseles Street,0,Event,JCCH-03-22,,,0.0,,,,,,,,,,,,,
202,9/28/2022,18:00,9/28/2022,19:30,Training,,Gateway Field,,25 Merseles Street,0,Event,JCCH-03-22,,,0.0,,,,,,,,,,,,,
203,10/5/2022,18:00,10/5/2022,19:30,Training,,Gateway Field,,26 Merseles Street,0,Event,JCCH-03-22,,,0.0,,,,,,,,,,,,,
204,10/12/2022,18:00,10/12/2022,19:30,Training,,Gateway Field,,27 Merseles Street,0,Event,JCCH-03-22,,,0.0,,,,,,,,,,,,,
205,10/19/2022,18:00,10/19/2022,19:30,Training,,Gateway Field,,28 Merseles Street,0,Event,JCCH-03-22,,,0.0,,,,,,,,,,,,,
206,10/26/2022,18:00,10/26/2022,19:30,Training,,Gateway Field,,29 Merseles Street,0,Event,JCCH-03-22,,,0.0,,,,,,,,,,,,,
207,11/2/2022,18:00,11/2/2022,19:30,Training,,Gateway Field,,30 Merseles Street,0,Event,JCCH-03-22,,,0.0,,,,,,,,,,,,,
208,11/9/2022,18:00,11/9/2022,19:30,Training,,Gateway Field,,31 Merseles Street,0,Event,JCCH-03-22,,,0.0,,,,,,,,,,,,,
209,11/16/2022,18:00,11/16/2022,19:30,Training,,Gateway Field,,32 Merseles Street,0,Event,JCCH-03-22,,,0.0,,,,,,,,,,,,,
210,9/14/2022,18:00,9/14/2022,19:30,Training,,Gateway Field,,33 Merseles Street,0,Event,JCCH-03-22,,,0.0,,,,,,,,,,,,,
211,9/21/2022,18:00,9/21/2022,19:30,Training,,Gateway Field,,34 Merseles Street,0,Event,JCCH-03-22,,,0.0,,,,,,,,,,,,,
212,9/28/2022,18:00,9/28/2022,19:30,Training,,Gateway Field,,35 Merseles Street,0,Event,JCCH-03-22,,,0.0,,,,,,,,,,,,,
213,10/5/2022,18:00,10/5/2022,19:30,Training,,Gateway Field,,36 Merseles Street,0,Event,JCCH-03-22,,,0.0,,,,,,,,,,,,,
214,10/12/2022,18:00,10/12/2022,19:30,Training,,Gateway Field,,37 Merseles Street,0,Event,JCCH-03-22,,,0.0,,,,,,,,,,,,,
215,10/19/2022,18:00,10/19/2022,19:30,Training,,Gateway Field,,38 Merseles Street,0,Event,JCCH-03-22,,,0.0,,,,,,,,,,,,,
216,10/26/2022,18:00,10/26/2022,19:30,Training,,Gateway Field,,39 Merseles Street,0,Event,JCCH-03-22,,,0.0,,,,,,,,,,,,,
217,11/2/2022,18:00,11/2/2022,19:30,Training,,Gateway Field,,40 Merseles Street,0,Event,JCCH-03-22,,,0.0,,,,,,,,,,,,,
218,11/9/2022,18:00,11/9/2022,19:30,Training,,Gateway Field,,41 Merseles Street,0,Event,JCCH-03-22,,,0.0,,,,,,,,,,,,,
219,11/16/2022,18:00,11/16/2022,19:30,Training,,Gateway Field,,42 Merseles Street,0,Event,JCCH-03-22,,,0.0,,,,,,,,,,,,,
220,9/14/2022,18:00,9/14/2022,19:30,Training,,Gateway Field,,43 Merseles Street,0,Event,JCCH-03-22,,,0.0,,,,,,,,,,,,,
221,9/21/2022,18:00,9/21/2022,19:30,Training,,Gateway Field,,44 Merseles Street,0,Event,JCCH-03-22,,,0.0,,,,,,,,,,,,,
222,9/28/2022,18:00,9/28/2022,19:30,Training,,Gateway Field,,45 Merseles Street,0,Event,JCCH-03-22,,,0.0,,,,,,,,,,,,,
223,10/5/2022,18:00,10/5/2022,19:30,Training,,Gateway Field,,46 Merseles Street,0,Event,JCCH-03-22,,,0.0,,,,,,,,,,,,,
224,10/12/2022,18:00,10/12/2022,19:30,Training,,Gateway Field,,47 Merseles Street,0,Event,JCCH-03-22,,,0.0,,,,,,,,,,,,,
225,10/19/2022,18:00,10/19/2022,19:30,Training,,Gateway Field,,48 Merseles Street,0,Event,JCCH-03-22,,,0.0,,,,,,,,,,,,,
226,10/26/2022,18:00,10/26/2022,19:30,Training,,Gateway Field,,49 Merseles Street,0,Event,JCCH-03-22,,,0.0,,,,,,,,,,,,,
227,11/2/2022,18:00,11/2/2022,19:30,Training,,Gateway Field,,50 Merseles Street,0,Event,JCCH-03-22,,,0.0,,,,,,,,,,,,,
228,11/9/2022,18:00,11/9/2022,19:30,Training,,Gateway Field,,51 Merseles Street,0,Event,JCCH-03-22,,,0.0,,,,,,,,,,,,,
229,11/16/2022,18:00,11/16/2022,19:30,Training,,Gateway Field,,52 Merseles Street,0,Event,JCCH-03-22,,,0.0,,,,,,,,,,,,,
230,9/14/2022,18:00,9/14/2022,19:30,Training,,Gateway Field,,53 Merseles Street,0,Event,JCCH-03-22,,,0.0,,,,,,,,,,,,,
231,9/21/2022,18:00,9/21/2022,19:30,Training,,Gateway Field,,54 Merseles Street,0,Event,JCCH-03-22,,,0.0,,,,,,,,,,,,,
232,9/28/2022,18:00,9/28/2022,19:30,Training,,Gateway Field,,55 Merseles Street,0,Event,JCCH-03-22,,,0.0,,,,,,,,,,,,,
233,10/5/2022,18:00,10/5/2022,19:30,Training,,Gateway Field,,56 Merseles Street,0,Event,JCCH-03-22,,,0.0,,,,,,,,,,,,,
234,10/12/2022,18:00,10/12/2022,19:30,Training,,Gateway Field,,57 Merseles Street,0,Event,JCCH-03-22,,,0.0,,,,,,,,,,,,,
235,10/19/2022,18:00,10/19/2022,19:30,Training,,Gateway Field,,58 Merseles Street,0,Event,JCCH-03-22,,,0.0,,,,,,,,,,,,,
236,10/26/2022,18:00,10/26/2022,19:30,Training,,Gateway Field,,59 Merseles Street,0,Event,JCCH-03-22,,,0.0,,,,,,,,,,,,,
237,11/2/2022,18:00,11/2/2022,19:30,Training,,Gateway Field,,60 Merseles Street,0,Event,JCCH-03-22,,,0.0,,,,,,,,,,,,,
238,11/9/2022,18:00,11/9/2022,19:30,Training,,Gateway Field,,61 Merseles Street,0,Event,JCCH-03-22,,,0.0,,,,,,,,,,,,,
239,11/16/2022,18:00,11/16/2022,19:30,Training,,Gateway Field,,62 Merseles Street,0,Event,JCCH-03-22,,,0.0,,,,,,,,,,,,,
240,9/14/2022,18:00,9/14/2022,19:30,Training,,Gateway Field,,63 Merseles Street,0,Event,JCCH-03-22,,,0.0,,,,,,,,,,,,,
241,9/21/2022,18:00,9/21/2022,19:30,Training,,Gateway Field,,64 Merseles Street,0,Event,JCCH-03-22,,,0.0,,,,,,,,,,,,,
242,9/28/2022,18:00,9/28/2022,19:30,Training,,Gateway Field,,65 Merseles Street,0,Event,JCCH-03-22,,,0.0,,,,,,,,,,,,,
243,10/5/2022,18:00,10/5/2022,19:30,Training,,Gateway Field,,66 Merseles Street,0,Event,JCCH-03-22,,,0.0,,,,,,,,,,,,,
244,10/12/2022,18:00,10/12/2022,19:30,Training,,Gateway Field,,67 Merseles Street,0,Event,JCCH-03-22,,,0.0,,,,,,,,,,,,,
245,10/19/2022,18:00,10/19/2022,19:30,Training,,Gateway Field,,68 Merseles Street,0,Event,JCCH-03-22,,,0.0,,,,,,,,,,,,,
246,10/26/2022,18:00,10/26/2022,19:30,Training,,Gateway Field,,69 Merseles Street,0,Event,JCCH-03-22,,,0.0,,,,,,,,,,,,,
247,11/2/2022,18:00,11/2/2022,19:30,Training,,Gateway Field,,70 Merseles Street,0,Event,JCCH-03-22,,,0.0,,,,,,,,,,,,,
248,11/9/2022,18:00,11/9/2022,19:30,Training,,Gateway Field,,71 Merseles Street,0,Event,JCCH-03-22,,,0.0,,,,,,,,,,,,,
249,11/16/2022,18:00,11/16/2022,19:30,Training,,Gateway Field,,72 Merseles Street,0,Event,JCCH-03-22,,,0.0,,,,,,,,,,,,,
250,9/14/2022,18:00,9/14/2022,19:30,Training,,Gateway Field,,73 Merseles Street,0,Event,JCCH-03-22,,,0.0,,,,,,,,,,,,,
251,9/21/2022,18:00,9/21/2022,19:30,Training,,Gateway Field,,74 Merseles Street,0,Event,JCCH-03-22,,,0.0,,,,,,,,,,,,,
252,9/28/2022,18:00,9/28/2022,19:30,Training,,Gateway Field,,75 Merseles Street,0,Event,JCCH-03-22,,,0.0,,,,,,,,,,,,,
253,10/5/2022,18:00,10/5/2022,19:30,Training,,Gateway Field,,76 Merseles Street,0,Event,JCCH-03-22,,,0.0,,,,,,,,,,,,,
254,10/12/2022,18:00,10/12/2022,19:30,Training,,Gateway Field,,77 Merseles Street,0,Event,JCCH-03-22,,,0.0,,,,,,,,,,,,,
255,10/19/2022,18:00,10/19/2022,19:30,Training,,Gateway Field,,78 Merseles Street,0,Event,JCCH-03-22,,,0.0,,,,,,,,,,,,,
256,10/26/2022,18:00,10/26/2022,19:30,Training,,Gateway Field,,79 Merseles Street,0,Event,JCCH-03-22,,,0.0,,,,,,,,,,,,,
257,11/2/2022,18:00,11/2/2022,19:30,Training,,Gateway Field,,80 Merseles Street,0,Event,JCCH-03-22,,,0.0,,,,,,,,,,,,,
258,11/9/2022,18:00,11/9/2022,19:30,Training,,Gateway Field,,81 Merseles Street,0,Event,JCCH-03-22,,,0.0,,,,,,,,,,,,,
259,11/16/2022,18:00,11/16/2022,19:30,Training,,Gateway Field,,82 Merseles Street,0,Event,JCCH-03-22,,,0.0,,,,,,,,,,,,,
260,9/10/22,9:00,9/10/22,10:30,Training,,Main Field - Caven Point,,Caven Point,0,Event,JCSS-01-22,,,0.0,,,,,,,,,,,,,
261,9/19/2022,18:00,9/19/2022,19:30,Training,,Main Field - Caven Point,,Caven Point,0,Event,JCSS-01-22,,,0.0,,,,,,,,,,,,,
262,9/26/2022,18:00,9/26/2022,19:30,Training,,Main Field - Caven Point,,Caven Point,0,Event,JCSS-01-22,,,0.0,,,,,,,,,,,,,
263,10/3/2022,18:00,10/3/2022,19:30,Training,,Main Field - Caven Point,,Caven Point,0,Event,JCSS-01-22,,,0.0,,,,,,,,,,,,,
264,10/10/2022,18:00,10/10/2022,19:30,Training,,Main Field - Caven Point,,Caven Point,0,Event,JCSS-01-22,,,0.0,,,,,,,,,,,,,
265,10/17/2022,18:00,10/17/2022,19:30,Training,,Main Field - Caven Point,,Caven Point,0,Event,JCSS-01-22,,,0.0,,,,,,,,,,,,,
266,10/24/2022,18:00,10/24/2022,19:30,Training,,Main Field - Caven Point,,Caven Point,0,Event,JCSS-01-22,,,0.0,,,,,,,,,,,,,
267,10/31/2022,18:00,10/31/2022,19:30,Training,,Main Field - Caven Point,,Caven Point,0,Event,JCSS-01-22,,,0.0,,,,,,,,,,,,,
268,11/7/2022,18:00,11/7/2022,19:30,Training,,Main Field - Caven Point,,Caven Point,0,Event,JCSS-01-22,,,0.0,,,,,,,,,,,,,
269,11/14/22,18:00,11/14/22,19:30,Training,,Main Field - Caven Point,,Caven Point,0,Event,JCSS-01-22,,,0.0,,,,,,,,,,,,,
270,9/10/22,9:00,9/10/22,10:30,Training,,Main Field - Caven Point,,Caven Point,0,Event,JCSS-01-22,,,0.0,,,,,,,,,,,,,
271,9/19/2022,18:00,9/19/2022,19:30,Training,,Main Field - Caven Point,,Caven Point,0,Event,JCSS-01-22,,,0.0,,,,,,,,,,,,,
272,9/26/2022,18:00,9/26/2022,19:30,Training,,Main Field - Caven Point,,Caven Point,0,Event,JCSS-01-22,,,0.0,,,,,,,,,,,,,
273,10/3/2022,18:00,10/3/2022,19:30,Training,,Main Field - Caven Point,,Caven Point,0,Event,JCSS-01-22,,,0.0,,,,,,,,,,,,,
274,10/10/2022,18:00,10/10/2022,19:30,Training,,Main Field - Caven Point,,Caven Point,0,Event,JCSS-01-22,,,0.0,,,,,,,,,,,,,
275,10/17/2022,18:00,10/17/2022,19:30,Training,,Main Field - Caven Point,,Caven Point,0,Event,JCSS-01-22,,,0.0,,,,,,,,,,,,,
276,10/24/2022,18:00,10/24/2022,19:30,Training,,Main Field - Caven Point,,Caven Point,0,Event,JCSS-01-22,,,0.0,,,,,,,,,,,,,
277,10/31/2022,18:00,10/31/2022,19:30,Training,,Main Field - Caven Point,,Caven Point,0,Event,JCSS-01-22,,,0.0,,,,,,,,,,,,,
278,11/7/2022,18:00,11/7/2022,19:30,Training,,Main Field - Caven Point,,Caven Point,0,Event,JCSS-01-22,,,0.0,,,,,,,,,,,,,
279,11/14/22,18:00,11/14/22,19:30,Training,,Main Field - Caven Point,,Caven Point,0,Event,JCSS-01-22,,,0.0,,,,,,,,,,,,,
280,9/10/22,9:00,9/10/22,10:30,Training,,Main Field - Caven Point,,Caven Point,0,Event,JCSS-01-22,,,0.0,,,,,,,,,,,,,
281,9/19/2022,18:00,9/19/2022,19:30,Training,,Main Field - Caven Point,,Caven Point,0,Event,JCSS-01-22,,,0.0,,,,,,,,,,,,,
282,9/26/2022,18:00,9/26/2022,19:30,Training,,Main Field - Caven Point,,Caven Point,0,Event,JCSS-01-22,,,0.0,,,,,,,,,,,,,
283,10/3/2022,18:00,10/3/2022,19:30,Training,,Main Field - Caven Point,,Caven Point,0,Event,JCSS-01-22,,,0.0,,,,,,,,,,,,,
284,10/10/2022,18:00,10/10/2022,19:30,Training,,Main Field - Caven Point,,Caven Point,0,Event,JCSS-01-22,,,0.0,,,,,,,,,,,,,
285,10/17/2022,18:00,10/17/2022,19:30,Training,,Main Field - Caven Point,,Caven Point,0,Event,JCSS-01-22,,,0.0,,,,,,,,,,,,,
286,10/24/2022,18:00,10/24/2022,19:30,Training,,Main Field - Caven Point,,Caven Point,0,Event,JCSS-01-22,,,0.0,,,,,,,,,,,,,
287,10/31/2022,18:00,10/31/2022,19:30,Training,,Main Field - Caven Point,,Caven Point,0,Event,JCSS-01-22,,,0.0,,,,,,,,,,,,,
288,11/7/2022,18:00,11/7/2022,19:30,Training,,Main Field - Caven Point,,Caven Point,0,Event,JCSS-01-22,,,0.0,,,,,,,,,,,,,
289,11/14/22,18:00,11/14/22,19:30,Training,,Main Field - Caven Point,,Caven Point,0,Event,JCSS-01-22,,,0.0,,,,,,,,,,,,,
290,9/10/22,9:00,9/10/22,10:30,Training,,Main Field - Caven Point,,Caven Point,0,Event,JCSS-01-22,,,0.0,,,,,,,,,,,,,
291,9/19/2022,18:00,9/19/2022,19:30,Training,,Main Field - Caven Point,,Caven Point,0,Event,JCSS-01-22,,,0.0,,,,,,,,,,,,,
292,9/26/2022,18:00,9/26/2022,19:30,Training,,Main Field - Caven Point,,Caven Point,0,Event,JCSS-01-22,,,0.0,,,,,,,,,,,,,
293,10/3/2022,18:00,10/3/2022,19:30,Training,,Main Field - Caven Point,,Caven Point,0,Event,JCSS-01-22,,,0.0,,,,,,,,,,,,,
294,10/10/2022,18:00,10/10/2022,19:30,Training,,Main Field - Caven Point,,Caven Point,0,Event,JCSS-01-22,,,0.0,,,,,,,,,,,,,
295,10/17/2022,18:00,10/17/2022,19:30,Training,,Main Field - Caven Point,,Caven Point,0,Event,JCSS-01-22,,,0.0,,,,,,,,,,,,,
296,10/24/2022,18:00,10/24/2022,19:30,Training,,Main Field - Caven Point,,Caven Point,0,Event,JCSS-01-22,,,0.0,,,,,,,,,,,,,
297,10/31/2022,18:00,10/31/2022,19:30,Training,,Main Field - Caven Point,,Caven Point,0,Event,JCSS-01-22,,,0.0,,,,,,,,,,,,,
298,11/7/2022,18:00,11/7/2022,19:30,Training,,Main Field - Caven Point,,Caven Point,0,Event,JCSS-01-22,,,0.0,,,,,,,,,,,,,
299,11/14/22,18:00,11/14/22,19:30,Training,,Main Field - Caven Point,,Caven Point,0,Event,JCSS-01-22,,,0.0,,,,,,,,,,,,,
300,9/10/22,9:00,9/10/22,10:30,Training,,Main Field - Caven Point,,Caven Point,0,Event,JCSS-01-22,,,0.0,,,,,,,,,,,,,
301,9/19/2022,18:00,9/19/2022,19:30,Training,,Main Field - Caven Point,,Caven Point,0,Event,JCSS-01-22,,,0.0,,,,,,,,,,,,,
302,9/26/2022,18:00,9/26/2022,19:30,Training,,Main Field - Caven Point,,Caven Point,0,Event,JCSS-01-22,,,0.0,,,,,,,,,,,,,
303,10/3/2022,18:00,10/3/2022,19:30,Training,,Main Field - Caven Point,,Caven Point,0,Event,JCSS-01-22,,,0.0,,,,,,,,,,,,,
304,10/10/2022,18:00,10/10/2022,19:30,Training,,Main Field - Caven Point,,Caven Point,0,Event,JCSS-01-22,,,0.0,,,,,,,,,,,,,
305,10/17/2022,18:00,10/17/2022,19:30,Training,,Main Field - Caven Point,,Caven Point,0,Event,JCSS-01-22,,,0.0,,,,,,,,,,,,,
306,10/24/2022,18:00,10/24/2022,19:30,Training,,Main Field - Caven Point,,Caven Point,0,Event,JCSS-01-22,,,0.0,,,,,,,,,,,,,
307,10/31/2022,18:00,10/31/2022,19:30,Training,,Main Field - Caven Point,,Caven Point,0,Event,JCSS-01-22,,,0.0,,,,,,,,,,,,,
308,11/7/2022,18:00,11/7/2022,19:30,Training,,Main Field - Caven Point,,Caven Point,0,Event,JCSS-01-22,,,0.0,,,,,,,,,,,,,
309,11/14/22,18:00,11/14/22,19:30,Training,,Main Field - Caven Point,,Caven Point,0,Event,JCSS-01-22,,,0.0,,,,,,,,,,,,,
310,9/10/22,9:00,9/10/22,10:30,Training,,Main Field - Caven Point,,Caven Point,0,Event,JCSS-01-22,,,0.0,,,,,,,,,,,,,
311,9/19/2022,18:00,9/19/2022,19:30,Training,,Main Field - Caven Point,,Caven Point,0,Event,JCSS-01-22,,,0.0,,,,,,,,,,,,,
312,9/26/2022,18:00,9/26/2022,19:30,Training,,Main Field - Caven Point,,Caven Point,0,Event,JCSS-01-22,,,0.0,,,,,,,,,,,,,
313,10/3/2022,18:00,10/3/2022,19:30,Training,,Main Field - Caven Point,,Caven Point,0,Event,JCSS-01-22,,,0.0,,,,,,,,,,,,,
314,10/10/2022,18:00,10/10/2022,19:30,Training,,Main Field - Caven Point,,Caven Point,0,Event,JCSS-01-22,,,0.0,,,,,,,,,,,,,
315,10/17/2022,18:00,10/17/2022,19:30,Training,,Main Field - Caven Point,,Caven Point,0,Event,JCSS-01-22,,,0.0,,,,,,,,,,,,,
316,10/24/2022,18:00,10/24/2022,19:30,Training,,Main Field - Caven Point,,Caven Point,0,Event,JCSS-01-22,,,0.0,,,,,,,,,,,,,
317,10/31/2022,18:00,10/31/2022,19:30,Training,,Main Field - Caven Point,,Caven Point,0,Event,JCSS-01-22,,,0.0,,,,,,,,,,,,,
318,11/7/2022,18:00,11/7/2022,19:30,Training,,Main Field - Caven Point,,Caven Point,0,Event,JCSS-01-22,,,0.0,,,,,,,,,,,,,
319,11/14/22,18:00,11/14/22,19:30,Training,,Main Field - Caven Point,,Caven Point,0,Event,JCSS-01-22,,,0.0,,,,,,,,,,,,,
320,9/10/22,9:00,9/10/22,10:30,Training,,Main Field - Caven Point,,Caven Point,0,Event,JCSS-01-22,,,0.0,,,,,,,,,,,,,
321,9/19/2022,18:00,9/19/2022,19:30,Training,,Main Field - Caven Point,,Caven Point,0,Event,JCSS-01-22,,,0.0,,,,,,,,,,,,,
322,9/26/2022,18:00,9/26/2022,19:30,Training,,Main Field - Caven Point,,Caven Point,0,Event,JCSS-01-22,,,0.0,,,,,,,,,,,,,
323,10/3/2022,18:00,10/3/2022,19:30,Training,,Main Field - Caven Point,,Caven Point,0,Event,JCSS-01-22,,,0.0,,,,,,,,,,,,,
324,10/10/2022,18:00,10/10/2022,19:30,Training,,Main Field - Caven Point,,Caven Point,0,Event,JCSS-01-22,,,0.0,,,,,,,,,,,,,
325,10/17/2022,18:00,10/17/2022,19:30,Training,,Main Field - Caven Point,,Caven Point,0,Event,JCSS-01-22,,,0.0,,,,,,,,,,,,,
326,10/24/2022,18:00,10/24/2022,19:30,Training,,Main Field - Caven Point,,Caven Point,0,Event,JCSS-01-22,,,0.0,,,,,,,,,,,,,
327,10/31/2022,18:00,10/31/2022,19:30,Training,,Main Field - Caven Point,,Caven Point,0,Event,JCSS-01-22,,,0.0,,,,,,,,,,,,,
328,11/7/2022,18:00,11/7/2022,19:30,Training,,Main Field - Caven Point,,Caven Point,0,Event,JCSS-01-22,,,0.0,,,,,,,,,,,,,
329,11/14/22,18:00,11/14/22,19:30,Training,,Main Field - Caven Point,,Caven Point,0,Event,JCSS-01-22,,,0.0,,,,,,,,,,,,,
330,9/10/22,9:00,9/10/22,10:30,Training,,Main Field - Caven Point,,Caven Point,0,Event,JCSS-02-22,,,0.0,,,,,,,,,,,,,
331,9/19/2022,18:00,9/19/2022,19:30,Training,,Main Field - Caven Point,,Caven Point,0,Event,JCSS-02-22,,,0.0,,,,,,,,,,,,,
332,9/26/2022,18:00,9/26/2022,19:30,Training,,Main Field - Caven Point,,Caven Point,0,Event,JCSS-02-22,,,0.0,,,,,,,,,,,,,
333,10/3/2022,18:00,10/3/2022,19:30,Training,,Main Field - Caven Point,,Caven Point,0,Event,JCSS-02-22,,,0.0,,,,,,,,,,,,,
334,10/10/2022,18:00,10/10/2022,19:30,Training,,Main Field - Caven Point,,Caven Point,0,Event,JCSS-02-22,,,0.0,,,,,,,,,,,,,
335,10/17/2022,18:00,10/17/2022,19:30,Training,,Main Field - Caven Point,,Caven Point,0,Event,JCSS-02-22,,,0.0,,,,,,,,,,,,,
336,10/24/2022,18:00,10/24/2022,19:30,Training,,Main Field - Caven Point,,Caven Point,0,Event,JCSS-02-22,,,0.0,,,,,,,,,,,,,
337,10/31/2022,18:00,10/31/2022,19:30,Training,,Main Field - Caven Point,,Caven Point,0,Event,JCSS-02-22,,,0.0,,,,,,,,,,,,,
338,11/7/2022,18:00,11/7/2022,19:30,Training,,Main Field - Caven Point,,Caven Point,0,Event,JCSS-02-22,,,0.0,,,,,,,,,,,,,
339,11/14/22,18:00,11/14/22,19:30,Training,,Main Field - Caven Point,,Caven Point,0,Event,JCSS-02-22,,,0.0,,,,,,,,,,,,,
340,9/10/22,9:00,9/10/22,10:30,Training,,Main Field - Caven Point,,Caven Point,0,Event,JCSS-02-22,,,0.0,,,,,,,,,,,,,
341,9/19/2022,18:00,9/19/2022,19:30,Training,,Main Field - Caven Point,,Caven Point,0,Event,JCSS-02-22,,,0.0,,,,,,,,,,,,,
342,9/26/2022,18:00,9/26/2022,19:30,Training,,Main Field - Caven Point,,Caven Point,0,Event,JCSS-02-22,,,0.0,,,,,,,,,,,,,
343,10/3/2022,18:00,10/3/2022,19:30,Training,,Main Field - Caven Point,,Caven Point,0,Event,JCSS-02-22,,,0.0,,,,,,,,,,,,,
344,10/10/2022,18:00,10/10/2022,19:30,Training,,Main Field - Caven Point,,Caven Point,0,Event,JCSS-02-22,,,0.0,,,,,,,,,,,,,
345,10/17/2022,18:00,10/17/2022,19:30,Training,,Main Field - Caven Point,,Caven Point,0,Event,JCSS-02-22,,,0.0,,,,,,,,,,,,,
346,10/24/2022,18:00,10/24/2022,19:30,Training,,Main Field - Caven Point,,Caven Point,0,Event,JCSS-02-22,,,0.0,,,,,,,,,,,,,
347,10/31/2022,18:00,10/31/2022,19:30,Training,,Main Field - Caven Point,,Caven Point,0,Event,JCSS-02-22,,,0.0,,,,,,,,,,,,,
348,11/7/2022,18:00,11/7/2022,19:30,Training,,Main Field - Caven Point,,Caven Point,0,Event,JCSS-02-22,,,0.0,,,,,,,,,,,,,
349,11/14/22,18:00,11/14/22,19:30,Training,,Main Field - Caven Point,,Caven Point,0,Event,JCSS-02-22,,,0.0,,,,,,,,,,,,,
350,9/10/22,9:00,9/10/22,10:30,Training,,Main Field - Caven Point,,Caven Point,0,Event,JCSS-02-22,,,0.0,,,,,,,,,,,,,
351,9/19/2022,18:00,9/19/2022,19:30,Training,,Main Field - Caven Point,,Caven Point,0,Event,JCSS-02-22,,,0.0,,,,,,,,,,,,,
352,9/26/2022,18:00,9/26/2022,19:30,Training,,Main Field - Caven Point,,Caven Point,0,Event,JCSS-02-22,,,0.0,,,,,,,,,,,,,
353,10/3/2022,18:00,10/3/2022,19:30,Training,,Main Field - Caven Point,,Caven Point,0,Event,JCSS-02-22,,,0.0,,,,,,,,,,,,,
354,10/10/2022,18:00,10/10/2022,19:30,Training,,Main Field - Caven Point,,Caven Point,0,Event,JCSS-02-22,,,0.0,,,,,,,,,,,,,
355,10/17/2022,18:00,10/17/2022,19:30,Training,,Main Field - Caven Point,,Caven Point,0,Event,JCSS-02-22,,,0.0,,,,,,,,,,,,,
356,10/24/2022,18:00,10/24/2022,19:30,Training,,Main Field - Caven Point,,Caven Point,0,Event,JCSS-02-22,,,0.0,,,,,,,,,,,,,
357,10/31/2022,18:00,10/31/2022,19:30,Training,,Main Field - Caven Point,,Caven Point,0,Event,JCSS-02-22,,,0.0,,,,,,,,,,,,,
358,11/7/2022,18:00,11/7/2022,19:30,Training,,Main Field - Caven Point,,Caven Point,0,Event,JCSS-02-22,,,0.0,,,,,,,,,,,,,
359,11/14/22,18:00,11/14/22,19:30,Training,,Main Field - Caven Point,,Caven Point,0,Event,JCSS-02-22,,,0.0,,,,,,,,,,,,,
360,9/13/2022,18:00,9/13/2022,19:30,Training,,Main Field - Caven Point,,Caven Point,0,Event,JCJRS-02-22,,,0.0,,,,,,,,,,,,,
361,9/20/2022,18:00,9/20/2022,19:30,Training,,Main Field - Caven Point,,Caven Point,0,Event,JCJRS-02-22,,,0.0,,,,,,,,,,,,,
362,9/27/2022,18:00,9/27/2022,19:30,Training,,Main Field - Caven Point,,Caven Point,0,Event,JCJRS-02-22,,,0.0,,,,,,,,,,,,,
363,10/4/2022,18:00,10/4/2022,19:30,Training,,Main Field - Caven Point,,Caven Point,0,Event,JCJRS-02-22,,,0.0,,,,,,,,,,,,,
364,10/11/2022,18:00,10/11/2022,19:30,Training,,Main Field - Caven Point,,Caven Point,0,Event,JCJRS-02-22,,,0.0,,,,,,,,,,,,,
365,10/18/2022,18:00,10/18/2022,19:30,Training,,Main Field - Caven Point,,Caven Point,0,Event,JCJRS-02-22,,,0.0,,,,,,,,,,,,,
366,10/25/2022,18:00,10/25/2022,19:30,Training,,Main Field - Caven Point,,Caven Point,0,Event,JCJRS-02-22,,,0.0,,,,,,,,,,,,,
367,11/1/2022,18:00,11/1/2022,19:30,Training,,Main Field - Caven Point,,Caven Point,0,Event,JCJRS-02-22,,,0.0,,,,,,,,,,,,,
368,11/8/2022,18:00,11/8/2022,19:30,Training,,Main Field - Caven Point,,Caven Point,0,Event,JCJRS-02-22,,,0.0,,,,,,,,,,,,,
369,11/15/2022,18:00,11/15/2022,19:30,Training,,Main Field - Caven Point,,Caven Point,0,Event,JCJRS-02-22,,,0.0,,,,,,,,,,,,,
370,9/13/2022,18:00,9/13/2022,19:30,Training,,Main Field - Caven Point,,Caven Point,0,Event,JCJRS-02-22,,,0.0,,,,,,,,,,,,,
371,9/20/2022,18:00,9/20/2022,19:30,Training,,Main Field - Caven Point,,Caven Point,0,Event,JCJRS-02-22,,,0.0,,,,,,,,,,,,,
372,9/27/2022,18:00,9/27/2022,19:30,Training,,Main Field - Caven Point,,Caven Point,0,Event,JCJRS-02-22,,,0.0,,,,,,,,,,,,,
373,10/4/2022,18:00,10/4/2022,19:30,Training,,Main Field - Caven Point,,Caven Point,0,Event,JCJRS-02-22,,,0.0,,,,,,,,,,,,,
374,10/11/2022,18:00,10/11/2022,19:30,Training,,Main Field - Caven Point,,Caven Point,0,Event,JCJRS-02-22,,,0.0,,,,,,,,,,,,,
375,10/18/2022,18:00,10/18/2022,19:30,Training,,Main Field - Caven Point,,Caven Point,0,Event,JCJRS-02-22,,,0.0,,,,,,,,,,,,,
376,10/25/2022,18:00,10/25/2022,19:30,Training,,Main Field - Caven Point,,Caven Point,0,Event,JCJRS-02-22,,,0.0,,,,,,,,,,,,,
377,11/1/2022,18:00,11/1/2022,19:30,Training,,Main Field - Caven Point,,Caven Point,0,Event,JCJRS-02-22,,,0.0,,,,,,,,,,,,,
378,11/8/2022,18:00,11/8/2022,19:30,Training,,Main Field - Caven Point,,Caven Point,0,Event,JCJRS-02-22,,,0.0,,,,,,,,,,,,,
379,11/15/2022,18:00,11/15/2022,19:30,Training,,Main Field - Caven Point,,Caven Point,0,Event,JCJRS-02-22,,,0.0,,,,,,,,,,,,,
380,9/13/2022,18:00,9/13/2022,19:30,Training,,Main Field - Caven Point,,Caven Point,0,Event,JCJRS-02-22,,,0.0,,,,,,,,,,,,,
381,9/20/2022,18:00,9/20/2022,19:30,Training,,Main Field - Caven Point,,Caven Point,0,Event,JCJRS-02-22,,,0.0,,,,,,,,,,,,,
382,9/27/2022,18:00,9/27/2022,19:30,Training,,Main Field - Caven Point,,Caven Point,0,Event,JCJRS-02-22,,,0.0,,,,,,,,,,,,,
383,10/4/2022,18:00,10/4/2022,19:30,Training,,Main Field - Caven Point,,Caven Point,0,Event,JCJRS-02-22,,,0.0,,,,,,,,,,,,,
384,10/11/2022,18:00,10/11/2022,19:30,Training,,Main Field - Caven Point,,Caven Point,0,Event,JCJRS-02-22,,,0.0,,,,,,,,,,,,,
385,10/18/2022,18:00,10/18/2022,19:30,Training,,Main Field - Caven Point,,Caven Point,0,Event,JCJRS-02-22,,,0.0,,,,,,,,,,,,,
386,10/25/2022,18:00,10/25/2022,19:30,Training,,Main Field - Caven Point,,Caven Point,0,Event,JCJRS-02-22,,,0.0,,,,,,,,,,,,,
387,11/1/2022,18:00,11/1/2022,19:30,Training,,Main Field - Caven Point,,Caven Point,0,Event,JCJRS-02-22,,,0.0,,,,,,,,,,,,,
388,11/8/2022,18:00,11/8/2022,19:30,Training,,Main Field - Caven Point,,Caven Point,0,Event,JCJRS-02-22,,,0.0,,,,,,,,,,,,,
389,11/15/2022,18:00,11/15/2022,19:30,Training,,Main Field - Caven Point,,Caven Point,0,Event,JCJRS-02-22,,,0.0,,,,,,,,,,,,,
390,9/13/2022,18:00,9/13/2022,19:30,Training,,Main Field - Caven Point,,Caven Point,0,Event,JCJRS-02-22,,,0.0,,,,,,,,,,,,,
391,9/20/2022,18:00,9/20/2022,19:30,Training,,Main Field - Caven Point,,Caven Point,0,Event,JCJRS-02-22,,,0.0,,,,,,,,,,,,,
392,9/27/2022,18:00,9/27/2022,19:30,Training,,Main Field - Caven Point,,Caven Point,0,Event,JCJRS-02-22,,,0.0,,,,,,,,,,,,,
393,10/4/2022,18:00,10/4/2022,19:30,Training,,Main Field - Caven Point,,Caven Point,0,Event,JCJRS-02-22,,,0.0,,,,,,,,,,,,,
394,10/11/2022,18:00,10/11/2022,19:30,Training,,Main Field - Caven Point,,Caven Point,0,Event,JCJRS-02-22,,,0.0,,,,,,,,,,,,,
395,10/18/2022,18:00,10/18/2022,19:30,Training,,Main Field - Caven Point,,Caven Point,0,Event,JCJRS-02-22,,,0.0,,,,,,,,,,,,,
396,10/25/2022,18:00,10/25/2022,19:30,Training,,Main Field - Caven Point,,Caven Point,0,Event,JCJRS-02-22,,,0.0,,,,,,,,,,,,,
397,11/1/2022,18:00,11/1/2022,19:30,Training,,Main Field - Caven Point,,Caven Point,0,Event,JCJRS-02-22,,,0.0,,,,,,,,,,,,,
398,11/8/2022,18:00,11/8/2022,19:30,Training,,Main Field - Caven Point,,Caven Point,0,Event,JCJRS-02-22,,,0.0,,,,,,,,,,,,,
399,11/15/2022,18:00,11/15/2022,19:30,Training,,Main Field - Caven Point,,Caven Point,0,Event,JCJRS-02-22,,,0.0,,,,,,,,,,,,,
400,9/13/2022,18:00,9/13/2022,19:30,Training,,Main Field - Caven Point,,Caven Point,0,Event,JCJRS-02-22,,,0.0,,,,,,,,,,,,,
401,9/20/2022,18:00,9/20/2022,19:30,Training,,Main Field - Caven Point,,Caven Point,0,Event,JCJRS-02-22,,,0.0,,,,,,,,,,,,,
402,9/27/2022,18:00,9/27/2022,19:30,Training,,Main Field - Caven Point,,Caven Point,0,Event,JCJRS-02-22,,,0.0,,,,,,,,,,,,,
403,10/4/2022,18:00,10/4/2022,19:30,Training,,Main Field - Caven Point,,Caven Point,0,Event,JCJRS-02-22,,,0.0,,,,,,,,,,,,,
404,10/11/2022,18:00,10/11/2022,19:30,Training,,Main Field - Caven Point,,Caven Point,0,Event,JCJRS-02-22,,,0.0,,,,,,,,,,,,,
405,10/18/2022,18:00,10/18/2022,19:30,Training,,Main Field - Caven Point,,Caven Point,0,Event,JCJRS-02-22,,,0.0,,,,,,,,,,,,,
406,10/25/2022,18:00,10/25/2022,19:30,Training,,Main Field - Caven Point,,Caven Point,0,Event,JCJRS-02-22,,,0.0,,,,,,,,,,,,,
407,11/1/2022,18:00,11/1/2022,19:30,Training,,Main Field - Caven Point,,Caven Point,0,Event,JCJRS-02-22,,,0.0,,,,,,,,,,,,,
408,11/8/2022,18:00,11/8/2022,19:30,Training,,Main Field - Caven Point,,Caven Point,0,Event,JCJRS-02-22,,,0.0,,,,,,,,,,,,,
409,11/15/2022,18:00,11/15/2022,19:30,Training,,Main Field - Caven Point,,Caven Point,0,Event,JCJRS-02-22,,,0.0,,,,,,,,,,,,,
410,9/13/2022,18:00,9/13/2022,19:30,Training,,Main Field - Caven Point,,Caven Point,0,Event,JCJRS-02-22,,,0.0,,,,,,,,,,,,,
411,9/20/2022,18:00,9/20/2022,19:30,Training,,Main Field - Caven Point,,Caven Point,0,Event,JCJRS-02-22,,,0.0,,,,,,,,,,,,,
412,9/27/2022,18:00,9/27/2022,19:30,Training,,Main Field - Caven Point,,Caven Point,0,Event,JCJRS-02-22,,,0.0,,,,,,,,,,,,,
413,10/4/2022,18:00,10/4/2022,19:30,Training,,Main Field - Caven Point,,Caven Point,0,Event,JCJRS-02-22,,,0.0,,,,,,,,,,,,,
414,10/11/2022,18:00,10/11/2022,19:30,Training,,Main Field - Caven Point,,Caven Point,0,Event,JCJRS-02-22,,,0.0,,,,,,,,,,,,,
415,10/18/2022,18:00,10/18/2022,19:30,Training,,Main Field - Caven Point,,Caven Point,0,Event,JCJRS-02-22,,,0.0,,,,,,,,,,,,,
416,10/25/2022,18:00,10/25/2022,19:30,Training,,Main Field - Caven Point,,Caven Point,0,Event,JCJRS-02-22,,,0.0,,,,,,,,,,,,,
417,11/1/2022,18:00,11/1/2022,19:30,Training,,Main Field - Caven Point,,Caven Point,0,Event,JCJRS-02-22,,,0.0,,,,,,,,,,,,,
418,11/8/2022,18:00,11/8/2022,19:30,Training,,Main Field - Caven Point,,Caven Point,0,Event,JCJRS-02-22,,,0.0,,,,,,,,,,,,,
419,11/15/2022,18:00,11/15/2022,19:30,Training,,Main Field - Caven Point,,Caven Point,0,Event,JCJRS-02-22,,,0.0,,,,,,,,,,,,,
420,9/13/2022,18:00,9/13/2022,19:30,Training,,Main Field - Caven Point,,Caven Point,0,Event,JCJRS-02-22,,,0.0,,,,,,,,,,,,,
421,9/20/2022,18:00,9/20/2022,19:30,Training,,Main Field - Caven Point,,Caven Point,0,Event,JCJRS-02-22,,,0.0,,,,,,,,,,,,,
422,9/27/2022,18:00,9/27/2022,19:30,Training,,Main Field - Caven Point,,Caven Point,0,Event,JCJRS-02-22,,,0.0,,,,,,,,,,,,,
423,10/4/2022,18:00,10/4/2022,19:30,Training,,Main Field - Caven Point,,Caven Point,0,Event,JCJRS-02-22,,,0.0,,,,,,,,,,,,,
424,10/11/2022,18:00,10/11/2022,19:30,Training,,Main Field - Caven Point,,Caven Point,0,Event,JCJRS-02-22,,,0.0,,,,,,,,,,,,,
425,10/18/2022,18:00,10/18/2022,19:30,Training,,Main Field - Caven Point,,Caven Point,0,Event,JCJRS-02-22,,,0.0,,,,,,,,,,,,,
426,10/25/2022,18:00,10/25/2022,19:30,Training,,Main Field - Caven Point,,Caven Point,0,Event,JCJRS-02-22,,,0.0,,,,,,,,,,,,,
427,11/1/2022,18:00,11/1/2022,19:30,Training,,Main Field - Caven Point,,Caven Point,0,Event,JCJRS-02-22,,,0.0,,,,,,,,,,,,,
428,11/8/2022,18:00,11/8/2022,19:30,Training,,Main Field - Caven Point,,Caven Point,0,Event,JCJRS-02-22,,,0.0,,,,,,,,,,,,,
429,11/15/2022,18:00,11/15/2022,19:30,Training,,Main Field - Caven Point,,Caven Point,0,Event,JCJRS-02-22,,,0.0,,,,,,,,,,,,,
430,9/13/2022,18:00,9/13/2022,19:30,Training,,Main Field - Caven Point,,Caven Point,0,Event,JCJRS-03-22,,,0.0,,,,,,,,,,,,,
431,9/20/2022,18:00,9/20/2022,19:30,Training,,Main Field - Caven Point,,Caven Point,0,Event,JCJRS-03-22,,,0.0,,,,,,,,,,,,,
432,9/27/2022,18:00,9/27/2022,19:30,Training,,Main Field - Caven Point,,Caven Point,0,Event,JCJRS-03-22,,,0.0,,,,,,,,,,,,,
433,10/4/2022,18:00,10/4/2022,19:30,Training,,Main Field - Caven Point,,Caven Point,0,Event,JCJRS-03-22,,,0.0,,,,,,,,,,,,,
434,10/11/2022,18:00,10/11/2022,19:30,Training,,Main Field - Caven Point,,Caven Point,0,Event,JCJRS-03-22,,,0.0,,,,,,,,,,,,,
435,10/18/2022,18:00,10/18/2022,19:30,Training,,Main Field - Caven Point,,Caven Point,0,Event,JCJRS-03-22,,,0.0,,,,,,,,,,,,,
436,10/25/2022,18:00,10/25/2022,19:30,Training,,Main Field - Caven Point,,Caven Point,0,Event,JCJRS-03-22,,,0.0,,,,,,,,,,,,,
437,11/1/2022,18:00,11/1/2022,19:30,Training,,Main Field - Caven Point,,Caven Point,0,Event,JCJRS-03-22,,,0.0,,,,,,,,,,,,,
438,11/8/2022,18:00,11/8/2022,19:30,Training,,Main Field - Caven Point,,Caven Point,0,Event,JCJRS-03-22,,,0.0,,,,,,,,,,,,,
439,11/15/2022,18:00,11/15/2022,19:30,Training,,Main Field - Caven Point,,Caven Point,0,Event,JCJRS-03-22,,,0.0,,,,,,,,,,,,,
440,9/10/22,10:30,9/10/22,12:00,Training,,Main Field - Caven Point,,Caven Point,0,Event,JCPM-03-22,,,,,,,,,,,,,,,,
441,9/19/2022,19:30,9/19/2022,21:00,Training,,Main Field - Caven Point,,Caven Point,0,Event,JCPM-03-22,,,,,,,,,,,,,,,,
442,9/26/2022,19:30,9/26/2022,21:00,Training,,Main Field - Caven Point,,Caven Point,0,Event,JCPM-03-22,,,,,,,,,,,,,,,,
443,10/3/2022,19:30,10/3/2022,21:00,Training,,Main Field - Caven Point,,Caven Point,0,Event,JCPM-03-22,,,,,,,,,,,,,,,,
444,10/17/2022,19:30,10/17/2022,21:00,Training,,Main Field - Caven Point,,Caven Point,0,Event,JCPM-03-22,,,,,,,,,,,,,,,,
445,10/24/2022,19:30,10/24/2022,21:00,Training,,Main Field - Caven Point,,Caven Point,0,Event,JCPM-03-22,,,,,,,,,,,,,,,,
446,10/31/2022,19:30,10/31/2022,21:00,Training,,Main Field - Caven Point,,Caven Point,0,Event,JCPM-03-22,,,,,,,,,,,,,,,,
447,11/7/2022,19:30,11/7/2022,21:00,Training,,Main Field - Caven Point,,Caven Point,0,Event,JCPM-03-22,,,,,,,,,,,,,,,,
448,11/14/22,19:30,11/14/22,21:00,Training,,Main Field - Caven Point,,Caven Point,0,Event,JCPM-03-22,,,,,,,,,,,,,,,,
449,9/10/22,10:30,9/10/22,12:00,Training,,Main Field - Caven Point,,Caven Point,0,Event,JCPM-03-22,,,,,,,,,,,,,,,,
450,9/19/2022,19:30,9/19/2022,21:00,Training,,Main Field - Caven Point,,Caven Point,0,Event,JCPM-03-22,,,,,,,,,,,,,,,,
451,9/26/2022,19:30,9/26/2022,21:00,Training,,Main Field - Caven Point,,Caven Point,0,Event,JCPM-03-22,,,,,,,,,,,,,,,,
452,10/3/2022,19:30,10/3/2022,21:00,Training,,Main Field - Caven Point,,Caven Point,0,Event,JCPM-03-22,,,,,,,,,,,,,,,,
453,10/17/2022,19:30,10/17/2022,21:00,Training,,Main Field - Caven Point,,Caven Point,0,Event,JCPM-03-22,,,,,,,,,,,,,,,,
454,10/24/2022,19:30,10/24/2022,21:00,Training,,Main Field - Caven Point,,Caven Point,0,Event,JCPM-03-22,,,,,,,,,,,,,,,,
455,10/31/2022,19:30,10/31/2022,21:00,Training,,Main Field - Caven Point,,Caven Point,0,Event,JCPM-03-22,,,,,,,,,,,,,,,,
456,11/7/2022,19:30,11/7/2022,21:00,Training,,Main Field - Caven Point,,Caven Point,0,Event,JCPM-03-22,,,,,,,,,,,,,,,,
457,11/14/22,19:30,11/14/22,21:00,Training,,Main Field - Caven Point,,Caven Point,0,Event,JCPM-03-22,,,,,,,,,,,,,,,,
458,9/10/22,10:30,9/10/22,12:00,Training,,Main Field - Caven Point,,Caven Point,0,Event,JCPM-03-22,,,,,,,,,,,,,,,,
459,9/19/2022,19:30,9/19/2022,21:00,Training,,Main Field - Caven Point,,Caven Point,0,Event,JCPM-03-22,,,,,,,,,,,,,,,,
460,9/26/2022,19:30,9/26/2022,21:00,Training,,Main Field - Caven Point,,Caven Point,0,Event,JCPM-03-22,,,,,,,,,,,,,,,,
461,10/3/2022,19:30,10/3/2022,21:00,Training,,Main Field - Caven Point,,Caven Point,0,Event,JCPM-03-22,,,,,,,,,,,,,,,,
462,10/17/2022,19:30,10/17/2022,21:00,Training,,Main Field - Caven Point,,Caven Point,0,Event,JCPM-03-22,,,,,,,,,,,,,,,,
463,10/24/2022,19:30,10/24/2022,21:00,Training,,Main Field - Caven Point,,Caven Point,0,Event,JCPM-03-22,,,,,,,,,,,,,,,,
464,10/31/2022,19:30,10/31/2022,21:00,Training,,Main Field - Caven Point,,Caven Point,0,Event,JCPM-03-22,,,,,,,,,,,,,,,,
465,11/7/2022,19:30,11/7/2022,21:00,Training,,Main Field - Caven Point,,Caven Point,0,Event,JCPM-03-22,,,,,,,,,,,,,,,,
466,11/14/22,19:30,11/14/22,21:00,Training,,Main Field - Caven Point,,Caven Point,0,Event,JCPM-03-22,,,,,,,,,,,,,,,,
467,9/10/22,10:30,9/10/22,12:00,Training,,Main Field - Caven Point,,Caven Point,0,Event,JCPM-04-22,,,,,,,,,,,,,,,,
468,9/19/2022,19:30,9/19/2022,21:00,Training,,Main Field - Caven Point,,Caven Point,0,Event,JCPM-04-22,,,,,,,,,,,,,,,,
469,9/26/2022,19:30,9/26/2022,21:00,Training,,Main Field - Caven Point,,Caven Point,0,Event,JCPM-04-22,,,,,,,,,,,,,,,,
470,10/3/2022,19:30,10/3/2022,21:00,Training,,Main Field - Caven Point,,Caven Point,0,Event,JCPM-04-22,,,,,,,,,,,,,,,,
471,10/17/2022,19:30,10/17/2022,21:00,Training,,Main Field - Caven Point,,Caven Point,0,Event,JCPM-04-22,,,,,,,,,,,,,,,,
472,10/24/2022,19:30,10/24/2022,21:00,Training,,Main Field - Caven Point,,Caven Point,0,Event,JCPM-04-22,,,,,,,,,,,,,,,,
473,10/31/2022,19:30,10/31/2022,21:00,Training,,Main Field - Caven Point,,Caven Point,0,Event,JCPM-04-22,,,,,,,,,,,,,,,,
474,11/7/2022,19:30,11/7/2022,21:00,Training,,Main Field - Caven Point,,Caven Point,0,Event,JCPM-04-22,,,,,,,,,,,,,,,,
475,11/14/22,19:30,11/14/22,21:00,Training,,Main Field - Caven Point,,Caven Point,0,Event,JCPM-04-22,,,,,,,,,,,,,,,,
